plate_number,starting_price,min_increment,current_offer,offers_number,time_to_go_label,time_to_go_seconds,listing_type,source_file,scraped_at,scraped_date
10492,3000,50,900,2,9 giorni 08:25:35,807935,auction,carie_auktion_20260206_113420.csv,2026-02-06 11:34:20,2026-02-06
131111,800,50,900,1,2 giorni 08:25:35,203135,auction,carie_auktion_20260206_113420.csv,2026-02-06 11:34:20,2026-02-06
189444,500,,,,N/A,,fixed_price,carie_auktion_20260206_113420.csv,2026-02-06 11:34:20,2026-02-06
195,3000,100,10500,6,9 giorni 08:25:35,807935,auction,carie_auktion_20260206_113420.csv,2026-02-06 11:34:20,2026-02-06
23335,800,50,900,2,2 giorni 08:25:35,203135,auction,carie_auktion_20260206_113420.csv,2026-02-06 11:34:20,2026-02-06
34528,800,,,,N/A,,fixed_price,carie_auktion_20260206_113420.csv,2026-02-06 11:34:20,2026-02-06
39562,800,,,,N/A,,fixed_price,carie_auktion_20260206_113420.csv,2026-02-06 11:34:20,2026-02-06
43872,800,,,,N/A,,fixed_price,carie_auktion_20260206_113420.csv,2026-02-06 11:34:20,2026-02-06
57351,800,,,,N/A,,fixed_price,carie_auktion_20260206_113420.csv,2026-02-06 11:34:20,2026-02-06
10492,1000,50,900,2,6 giorni 02:25:23,527123,auction,carie_auktion_20260209_173430.csv,2026-02-09 17:34:30,2026-02-09
111439,400,,,,N/A,,fixed_price,carie_auktion_20260209_173430.csv,2026-02-09 17:34:30,2026-02-09
1579,3000,100,4000,5,9 giorni 02:25:24,786324,auction,carie_auktion_20260209_173430.csv,2026-02-09 17:34:30,2026-02-09
174333,300,,,,N/A,,fixed_price,carie_auktion_20260209_173430.csv,2026-02-09 17:34:30,2026-02-09
195,3000,100,11200,11,6 giorni 02:25:24,527124,auction,carie_auktion_20260209_173430.csv,2026-02-09 17:34:30,2026-02-09
21903,800,,,,N/A,,fixed_price,carie_auktion_20260209_173430.csv,2026-02-09 17:34:30,2026-02-09
25451,800,,,,N/A,,fixed_price,carie_auktion_20260209_173430.csv,2026-02-09 17:34:30,2026-02-09
308111,300,,,,N/A,,fixed_price,carie_auktion_20260209_173430.csv,2026-02-09 17:34:30,2026-02-09
34528,600,,,,N/A,,fixed_price,carie_auktion_20260209_173430.csv,2026-02-09 17:34:30,2026-02-09
39562,600,,,,N/A,,fixed_price,carie_auktion_20260209_173430.csv,2026-02-09 17:34:30,2026-02-09
40504,1000,50,600,1,9 giorni 02:25:23,786323,auction,carie_auktion_20260209_173430.csv,2026-02-09 17:34:30,2026-02-09
43872,550,,,,N/A,,fixed_price,carie_auktion_20260209_173430.csv,2026-02-09 17:34:30,2026-02-09
57351,600,,,,N/A,,fixed_price,carie_auktion_20260209_173430.csv,2026-02-09 17:34:30,2026-02-09
61504,500,,,,N/A,,fixed_price,carie_auktion_20260209_173430.csv,2026-02-09 17:34:30,2026-02-09
67571,450,,,,N/A,,fixed_price,carie_auktion_20260209_173430.csv,2026-02-09 17:34:30,2026-02-09
70451,400,,,,N/A,,fixed_price,carie_auktion_20260209_173430.csv,2026-02-09 17:34:30,2026-02-09
93847,400,,,,N/A,,fixed_price,carie_auktion_20260209_173430.csv,2026-02-09 17:34:30,2026-02-09
95426,350,,,,N/A,,fixed_price,carie_auktion_20260209_173430.csv,2026-02-09 17:34:30,2026-02-09
10492,1000,50,900,2,5 giorni 08:57:13,464233,auction,carie_auktion_20260210_110242.csv,2026-02-10 11:02:42,2026-02-10
111439,350,,,,N/A,,fixed_price,carie_auktion_20260210_110242.csv,2026-02-10 11:02:42,2026-02-10
1579,3000,100,4000,5,8 giorni 08:57:13,723433,auction,carie_auktion_20260210_110242.csv,2026-02-10 11:02:42,2026-02-10
174333,400,,,,N/A,,fixed_price,carie_auktion_20260210_110242.csv,2026-02-10 11:02:42,2026-02-10
195,3000,100,11200,11,5 giorni 08:57:13,464233,auction,carie_auktion_20260210_110242.csv,2026-02-10 11:02:42,2026-02-10
21903,800,,,,N/A,,fixed_price,carie_auktion_20260210_110242.csv,2026-02-10 11:02:42,2026-02-10
25451,800,,,,N/A,,fixed_price,carie_auktion_20260210_110242.csv,2026-02-10 11:02:42,2026-02-10
308111,300,,,,N/A,,fixed_price,carie_auktion_20260210_110242.csv,2026-02-10 11:02:42,2026-02-10
34528,600,,,,N/A,,fixed_price,carie_auktion_20260210_110242.csv,2026-02-10 11:02:42,2026-02-10
39562,600,,,,N/A,,fixed_price,carie_auktion_20260210_110242.csv,2026-02-10 11:02:42,2026-02-10
40504,1000,50,600,1,8 giorni 08:57:13,723433,auction,carie_auktion_20260210_110242.csv,2026-02-10 11:02:42,2026-02-10
43872,550,,,,N/A,,fixed_price,carie_auktion_20260210_110242.csv,2026-02-10 11:02:42,2026-02-10
57351,600,,,,N/A,,fixed_price,carie_auktion_20260210_110242.csv,2026-02-10 11:02:42,2026-02-10
61504,500,,,,N/A,,fixed_price,carie_auktion_20260210_110242.csv,2026-02-10 11:02:42,2026-02-10
67571,450,,,,N/A,,fixed_price,carie_auktion_20260210_110242.csv,2026-02-10 11:02:42,2026-02-10
70451,400,,,,N/A,,fixed_price,carie_auktion_20260210_110242.csv,2026-02-10 11:02:42,2026-02-10
93847,400,,,,N/A,,fixed_price,carie_auktion_20260210_110242.csv,2026-02-10 11:02:42,2026-02-10
10492,1000,50,900,2,5 giorni 00:01:38,432098,auction,carie_auktion_20260210_195816.csv,2026-02-10 19:58:16,2026-02-10
111439,400,,,,N/A,,fixed_price,carie_auktion_20260210_195816.csv,2026-02-10 19:58:16,2026-02-10
1579,3000,100,4000,5,8 giorni 00:01:38,691298,auction,carie_auktion_20260210_195816.csv,2026-02-10 19:58:16,2026-02-10
174333,350,,,,N/A,,fixed_price,carie_auktion_20260210_195816.csv,2026-02-10 19:58:16,2026-02-10
195,3000,100,11200,11,5 giorni 00:01:38,432098,auction,carie_auktion_20260210_195816.csv,2026-02-10 19:58:16,2026-02-10
308111,400,,,,N/A,,fixed_price,carie_auktion_20260210_195816.csv,2026-02-10 19:58:16,2026-02-10
34528,800,,,,N/A,,fixed_price,carie_auktion_20260210_195816.csv,2026-02-10 19:58:16,2026-02-10
39562,800,,,,N/A,,fixed_price,carie_auktion_20260210_195816.csv,2026-02-10 19:58:16,2026-02-10
40504,1000,50,600,1,8 giorni 00:01:38,691298,auction,carie_auktion_20260210_195816.csv,2026-02-10 19:58:16,2026-02-10
43872,600,,,,N/A,,fixed_price,carie_auktion_20260210_195816.csv,2026-02-10 19:58:16,2026-02-10
57351,600,,,,N/A,,fixed_price,carie_auktion_20260210_195816.csv,2026-02-10 19:58:16,2026-02-10
61504,500,,,,N/A,,fixed_price,carie_auktion_20260210_195816.csv,2026-02-10 19:58:16,2026-02-10
67571,450,,,,N/A,,fixed_price,carie_auktion_20260210_195816.csv,2026-02-10 19:58:16,2026-02-10
93847,400,,,,N/A,,fixed_price,carie_auktion_20260210_195816.csv,2026-02-10 19:58:16,2026-02-10
10492,1000,50,900,2,4 giorni 00:01:32,345692,auction,carie_auktion_20260211_195823.csv,2026-02-11 19:58:23,2026-02-11
111439,400,,,,N/A,,fixed_price,carie_auktion_20260211_195823.csv,2026-02-11 19:58:23,2026-02-11
1579,3000,100,4000,5,7 giorni 00:01:32,604892,auction,carie_auktion_20260211_195823.csv,2026-02-11 19:58:23,2026-02-11
174333,350,,,,N/A,,fixed_price,carie_auktion_20260211_195823.csv,2026-02-11 19:58:23,2026-02-11
195,3000,100,11200,11,4 giorni 00:01:32,345692,auction,carie_auktion_20260211_195823.csv,2026-02-11 19:58:23,2026-02-11
308111,400,,,,N/A,,fixed_price,carie_auktion_20260211_195823.csv,2026-02-11 19:58:23,2026-02-11
34528,800,,,,N/A,,fixed_price,carie_auktion_20260211_195823.csv,2026-02-11 19:58:23,2026-02-11
39562,800,,,,N/A,,fixed_price,carie_auktion_20260211_195823.csv,2026-02-11 19:58:23,2026-02-11
40504,1000,50,600,1,7 giorni 00:01:32,604892,auction,carie_auktion_20260211_195823.csv,2026-02-11 19:58:23,2026-02-11
43872,600,,,,N/A,,fixed_price,carie_auktion_20260211_195823.csv,2026-02-11 19:58:23,2026-02-11
57351,600,,,,N/A,,fixed_price,carie_auktion_20260211_195823.csv,2026-02-11 19:58:23,2026-02-11
61504,500,,,,N/A,,fixed_price,carie_auktion_20260211_195823.csv,2026-02-11 19:58:23,2026-02-11
67571,450,,,,N/A,,fixed_price,carie_auktion_20260211_195823.csv,2026-02-11 19:58:23,2026-02-11
93847,400,,,,N/A,,fixed_price,carie_auktion_20260211_195823.csv,2026-02-11 19:58:23,2026-02-11
10492,1000,50,900,2,2 giorni 05:49:44,193784,auction,carie_auktion_20260213_141008.csv,2026-02-13 14:10:08,2026-02-13
111439,400,,,,N/A,,fixed_price,carie_auktion_20260213_141008.csv,2026-02-13 14:10:08,2026-02-13
1579,3000,100,4500,6,5 giorni 05:49:44,452984,auction,carie_auktion_20260213_141008.csv,2026-02-13 14:10:08,2026-02-13
174333,350,,,,N/A,,fixed_price,carie_auktion_20260213_141008.csv,2026-02-13 14:10:08,2026-02-13
195,3000,100,11200,11,2 giorni 05:49:44,193784,auction,carie_auktion_20260213_141008.csv,2026-02-13 14:10:08,2026-02-13
308111,400,,,,N/A,,fixed_price,carie_auktion_20260213_141008.csv,2026-02-13 14:10:08,2026-02-13
34528,800,,,,N/A,,fixed_price,carie_auktion_20260213_141008.csv,2026-02-13 14:10:08,2026-02-13
39562,800,,,,N/A,,fixed_price,carie_auktion_20260213_141008.csv,2026-02-13 14:10:08,2026-02-13
40504,1000,50,650,2,5 giorni 05:49:44,452984,auction,carie_auktion_20260213_141008.csv,2026-02-13 14:10:08,2026-02-13
43872,600,,,,N/A,,fixed_price,carie_auktion_20260213_141008.csv,2026-02-13 14:10:08,2026-02-13
57351,600,,,,N/A,,fixed_price,carie_auktion_20260213_141008.csv,2026-02-13 14:10:08,2026-02-13
61504,500,,,,N/A,,fixed_price,carie_auktion_20260213_141008.csv,2026-02-13 14:10:08,2026-02-13
67571,450,,,,N/A,,fixed_price,carie_auktion_20260213_141008.csv,2026-02-13 14:10:08,2026-02-13
93847,400,,,,N/A,,fixed_price,carie_auktion_20260213_141008.csv,2026-02-13 14:10:08,2026-02-13
10492,1000,50,900,2,2 giorni 00:01:21,172881,auction,carie_auktion_20260213_195824.csv,2026-02-13 19:58:24,2026-02-13
111439,400,,,,N/A,,fixed_price,carie_auktion_20260213_195824.csv,2026-02-13 19:58:24,2026-02-13
1579,3000,100,4500,6,5 giorni 00:01:21,432081,auction,carie_auktion_20260213_195824.csv,2026-02-13 19:58:24,2026-02-13
174333,350,,,,N/A,,fixed_price,carie_auktion_20260213_195824.csv,2026-02-13 19:58:24,2026-02-13
195,3000,100,11200,11,2 giorni 00:01:22,172882,auction,carie_auktion_20260213_195824.csv,2026-02-13 19:58:24,2026-02-13
39562,800,,,,N/A,,fixed_price,carie_auktion_20260213_195824.csv,2026-02-13 19:58:24,2026-02-13
40504,1000,50,650,2,5 giorni 00:01:21,432081,auction,carie_auktion_20260213_195824.csv,2026-02-13 19:58:24,2026-02-13
43872,800,,,,N/A,,fixed_price,carie_auktion_20260213_195824.csv,2026-02-13 19:58:24,2026-02-13
57351,600,,,,N/A,,fixed_price,carie_auktion_20260213_195824.csv,2026-02-13 19:58:24,2026-02-13
61504,600,,,,N/A,,fixed_price,carie_auktion_20260213_195824.csv,2026-02-13 19:58:24,2026-02-13
67571,450,,,,N/A,,fixed_price,carie_auktion_20260213_195824.csv,2026-02-13 19:58:24,2026-02-13
93847,400,,,,N/A,,fixed_price,carie_auktion_20260213_195824.csv,2026-02-13 19:58:24,2026-02-13
10492,1000,50,950,3,1 giorno 00:01:25,85,auction,carie_auktion_20260214_195829.csv,2026-02-14 19:58:29,2026-02-14
111439,400,,,,N/A,,fixed_price,carie_auktion_20260214_195829.csv,2026-02-14 19:58:29,2026-02-14
1579,3000,100,4500,6,4 giorni 00:01:25,345685,auction,carie_auktion_20260214_195829.csv,2026-02-14 19:58:29,2026-02-14
174333,350,,,,N/A,,fixed_price,carie_auktion_20260214_195829.csv,2026-02-14 19:58:29,2026-02-14
195,3000,100,11200,11,1 giorno 00:01:25,85,auction,carie_auktion_20260214_195829.csv,2026-02-14 19:58:29,2026-02-14
39562,800,,,,N/A,,fixed_price,carie_auktion_20260214_195829.csv,2026-02-14 19:58:29,2026-02-14
40504,1000,50,650,2,4 giorni 00:01:25,345685,auction,carie_auktion_20260214_195829.csv,2026-02-14 19:58:29,2026-02-14
43872,800,,,,N/A,,fixed_price,carie_auktion_20260214_195829.csv,2026-02-14 19:58:29,2026-02-14
57351,600,,,,N/A,,fixed_price,carie_auktion_20260214_195829.csv,2026-02-14 19:58:29,2026-02-14
61504,600,,,,N/A,,fixed_price,carie_auktion_20260214_195829.csv,2026-02-14 19:58:29,2026-02-14
67571,450,,,,N/A,,fixed_price,carie_auktion_20260214_195829.csv,2026-02-14 19:58:29,2026-02-14
93847,400,,,,N/A,,fixed_price,carie_auktion_20260214_195829.csv,2026-02-14 19:58:29,2026-02-14
10492,1000,50,1000,4,0 giorno 00:01:26,86,auction,carie_auktion_20260215_195828.csv,2026-02-15 19:58:28,2026-02-15
111439,400,,,,N/A,,fixed_price,carie_auktion_20260215_195828.csv,2026-02-15 19:58:28,2026-02-15
1579,3000,100,4500,6,3 giorni 00:01:26,259286,auction,carie_auktion_20260215_195828.csv,2026-02-15 19:58:28,2026-02-15
195,3000,100,16500,32,0 giorno 00:04:56,296,auction,carie_auktion_20260215_195828.csv,2026-02-15 19:58:28,2026-02-15
39562,800,,,,N/A,,fixed_price,carie_auktion_20260215_195828.csv,2026-02-15 19:58:28,2026-02-15
40504,1000,50,700,3,3 giorni 00:01:26,259286,auction,carie_auktion_20260215_195828.csv,2026-02-15 19:58:28,2026-02-15
43872,800,,,,N/A,,fixed_price,carie_auktion_20260215_195828.csv,2026-02-15 19:58:28,2026-02-15
57351,600,,,,N/A,,fixed_price,carie_auktion_20260215_195828.csv,2026-02-15 19:58:28,2026-02-15
61504,600,,,,N/A,,fixed_price,carie_auktion_20260215_195828.csv,2026-02-15 19:58:28,2026-02-15
67571,450,,,,N/A,,fixed_price,carie_auktion_20260215_195828.csv,2026-02-15 19:58:28,2026-02-15
93847,400,,,,N/A,,fixed_price,carie_auktion_20260215_195828.csv,2026-02-15 19:58:28,2026-02-15
111439,400,,,,N/A,,fixed_price,carie_auktion_20260216_195828.csv,2026-02-16 19:58:28,2026-02-16
1579,3000,100,4500,6,2 giorni 00:01:27,172887,auction,carie_auktion_20260216_195828.csv,2026-02-16 19:58:28,2026-02-16
340340,1000,50,800,4,9 giorni 00:01:26,777686,auction,carie_auktion_20260216_195828.csv,2026-02-16 19:58:28,2026-02-16
39562,600,,,,N/A,,fixed_price,carie_auktion_20260216_195828.csv,2026-02-16 19:58:28,2026-02-16
40504,1000,50,900,6,2 giorni 00:01:27,172887,auction,carie_auktion_20260216_195828.csv,2026-02-16 19:58:28,2026-02-16
43872,600,,,,N/A,,fixed_price,carie_auktion_20260216_195828.csv,2026-02-16 19:58:28,2026-02-16
566,3000,100,8800,7,9 giorni 00:01:27,777687,auction,carie_auktion_20260216_195828.csv,2026-02-16 19:58:28,2026-02-16
57351,600,,,,N/A,,fixed_price,carie_auktion_20260216_195828.csv,2026-02-16 19:58:28,2026-02-16
61504,600,,,,N/A,,fixed_price,carie_auktion_20260216_195828.csv,2026-02-16 19:58:28,2026-02-16
67571,450,,,,N/A,,fixed_price,carie_auktion_20260216_195828.csv,2026-02-16 19:58:28,2026-02-16
93847,400,,,,N/A,,fixed_price,carie_auktion_20260216_195828.csv,2026-02-16 19:58:28,2026-02-16
TI 10748,,,1900,0,24.02.2026,0,auction,carie_auktion_side_20260217_122339.csv,2026-02-17 12:23:39,2026-02-17
TI 111439,200,,,,N/A,,fixed_price,carie_auktion_side_20260217_122339.csv,2026-02-17 12:23:39,2026-02-17
TI 1579,,,6000,10,18.02.2026,0,auction,carie_auktion_side_20260217_122339.csv,2026-02-17 12:23:39,2026-02-17
TI 340340,,,800,4,25.02.2026,0,auction,carie_auktion_side_20260217_122339.csv,2026-02-17 12:23:39,2026-02-17
TI 39562,450,,,,N/A,,fixed_price,carie_auktion_side_20260217_122339.csv,2026-02-17 12:23:39,2026-02-17
TI 40504,,,1000,7,18.02.2026,0,auction,carie_auktion_side_20260217_122339.csv,2026-02-17 12:23:39,2026-02-17
TI 43872,400,,,,N/A,,fixed_price,carie_auktion_side_20260217_122339.csv,2026-02-17 12:23:39,2026-02-17
TI 566,,,10100,9,25.02.2026,0,auction,carie_auktion_side_20260217_122339.csv,2026-02-17 12:23:39,2026-02-17
TI 57351,400,,,,N/A,,fixed_price,carie_auktion_side_20260217_122339.csv,2026-02-17 12:23:39,2026-02-17
TI 61504,350,,,,N/A,,fixed_price,carie_auktion_side_20260217_122339.csv,2026-02-17 12:23:39,2026-02-17
TI 93847,300,,,,N/A,,fixed_price,carie_auktion_side_20260217_122339.csv,2026-02-17 12:23:39,2026-02-17
TI 10748,,,1900,0,24.02.2026,0,auction,carie_auktion_side_20260217_133615.csv,2026-02-17 13:36:15,2026-02-17
TI 111439,200,,,,N/A,,fixed_price,carie_auktion_side_20260217_133615.csv,2026-02-17 13:36:15,2026-02-17
TI 1579,,,6000,10,18.02.2026,0,auction,carie_auktion_side_20260217_133615.csv,2026-02-17 13:36:15,2026-02-17
TI 340340,,,800,4,25.02.2026,0,auction,carie_auktion_side_20260217_133615.csv,2026-02-17 13:36:15,2026-02-17
TI 39562,450,,,,N/A,,fixed_price,carie_auktion_side_20260217_133615.csv,2026-02-17 13:36:15,2026-02-17
TI 40504,,,1000,7,18.02.2026,0,auction,carie_auktion_side_20260217_133615.csv,2026-02-17 13:36:15,2026-02-17
TI 43872,400,,,,N/A,,fixed_price,carie_auktion_side_20260217_133615.csv,2026-02-17 13:36:15,2026-02-17
TI 566,,,10100,9,25.02.2026,0,auction,carie_auktion_side_20260217_133615.csv,2026-02-17 13:36:15,2026-02-17
TI 57351,400,,,,N/A,,fixed_price,carie_auktion_side_20260217_133615.csv,2026-02-17 13:36:15,2026-02-17
TI 61504,350,,,,N/A,,fixed_price,carie_auktion_side_20260217_133615.csv,2026-02-17 13:36:15,2026-02-17
TI 93847,300,,,,N/A,,fixed_price,carie_auktion_side_20260217_133615.csv,2026-02-17 13:36:15,2026-02-17
10173,1000,50,900,3,1 giorno 09:53:42,35622,auction,carie_auktion_20260310_100613.csv,2026-03-10 10:06:13,2026-03-10
115533,800,50,600,1,8 giorni 09:53:41,726821,auction,carie_auktion_20260310_100613.csv,2026-03-10 10:06:13,2026-03-10
30641,800,,,,N/A,,fixed_price,carie_auktion_20260310_100613.csv,2026-03-10 10:06:13,2026-03-10
38724,800,,,,N/A,,fixed_price,carie_auktion_20260310_100613.csv,2026-03-10 10:06:13,2026-03-10
39621,800,,,,N/A,,fixed_price,carie_auktion_20260310_100613.csv,2026-03-10 10:06:13,2026-03-10
47651,600,,,,N/A,,fixed_price,carie_auktion_20260310_100613.csv,2026-03-10 10:06:13,2026-03-10
5951,3000,100,4100,6,0 giorno 09:53:42,35622,auction,carie_auktion_20260310_100613.csv,2026-03-10 10:06:13,2026-03-10
61756,600,,,,N/A,,fixed_price,carie_auktion_20260310_100613.csv,2026-03-10 10:06:13,2026-03-10
66612,1000,50,1800,5,1 giorno 09:53:41,35621,auction,carie_auktion_20260310_100613.csv,2026-03-10 10:06:13,2026-03-10
70395,450,,,,N/A,,fixed_price,carie_auktion_20260310_100613.csv,2026-03-10 10:06:13,2026-03-10
850,3000,100,10000,8,8 giorni 09:53:42,726822,auction,carie_auktion_20260310_100613.csv,2026-03-10 10:06:13,2026-03-10
93847,450,,,,N/A,,fixed_price,carie_auktion_20260310_100613.csv,2026-03-10 10:06:13,2026-03-10
10902,3000,50,850,1,10 giorni 00:00:06,864006,auction,carie_auktion_20260312_195941.csv,2026-03-12 19:59:41,2026-03-12
111356,350,,,,N/A,,fixed_price,carie_auktion_20260312_195941.csv,2026-03-12 19:59:41,2026-03-12
115533,800,50,650,2,6 giorni 00:00:06,518406,auction,carie_auktion_20260312_195941.csv,2026-03-12 19:59:41,2026-03-12
23742,800,,,,N/A,,fixed_price,carie_auktion_20260312_195941.csv,2026-03-12 19:59:41,2026-03-12
250444,350,,,,N/A,,fixed_price,carie_auktion_20260312_195941.csv,2026-03-12 19:59:41,2026-03-12
30641,800,,,,N/A,,fixed_price,carie_auktion_20260312_195941.csv,2026-03-12 19:59:41,2026-03-12
38724,600,,,,N/A,,fixed_price,carie_auktion_20260312_195941.csv,2026-03-12 19:59:41,2026-03-12
39621,600,,,,N/A,,fixed_price,carie_auktion_20260312_195941.csv,2026-03-12 19:59:41,2026-03-12
41239,600,,,,N/A,,fixed_price,carie_auktion_20260312_195941.csv,2026-03-12 19:59:41,2026-03-12
47651,450,,,,N/A,,fixed_price,carie_auktion_20260312_195941.csv,2026-03-12 19:59:41,2026-03-12
55106,450,,,,N/A,,fixed_price,carie_auktion_20260312_195941.csv,2026-03-12 19:59:41,2026-03-12
60128,450,,,,N/A,,fixed_price,carie_auktion_20260312_195941.csv,2026-03-12 19:59:41,2026-03-12
63702,400,,,,N/A,,fixed_price,carie_auktion_20260312_195941.csv,2026-03-12 19:59:41,2026-03-12
74513,400,,,,N/A,,fixed_price,carie_auktion_20260312_195941.csv,2026-03-12 19:59:41,2026-03-12
850,3000,100,15100,16,6 giorni 00:00:06,518406,auction,carie_auktion_20260312_195941.csv,2026-03-12 19:59:41,2026-03-12
90889,800,50,850,1,10 giorni 00:00:06,864006,auction,carie_auktion_20260312_195941.csv,2026-03-12 19:59:41,2026-03-12
99753,400,,,,N/A,,fixed_price,carie_auktion_20260312_195941.csv,2026-03-12 19:59:41,2026-03-12
10902,3000,50,850,1,8 giorni 00:01:29,691289,auction,carie_auktion_20260314_195825.csv,2026-03-14 19:58:25,2026-03-14
111356,350,,,,N/A,,fixed_price,carie_auktion_20260314_195825.csv,2026-03-14 19:58:25,2026-03-14
115533,800,50,650,2,4 giorni 00:01:29,345689,auction,carie_auktion_20260314_195825.csv,2026-03-14 19:58:25,2026-03-14
250444,350,,,,N/A,,fixed_price,carie_auktion_20260314_195825.csv,2026-03-14 19:58:25,2026-03-14
30641,800,,,,N/A,,fixed_price,carie_auktion_20260314_195825.csv,2026-03-14 19:58:25,2026-03-14
38724,800,,,,N/A,,fixed_price,carie_auktion_20260314_195825.csv,2026-03-14 19:58:25,2026-03-14
39621,600,,,,N/A,,fixed_price,carie_auktion_20260314_195825.csv,2026-03-14 19:58:25,2026-03-14
41239,600,,,,N/A,,fixed_price,carie_auktion_20260314_195825.csv,2026-03-14 19:58:25,2026-03-14
47651,450,,,,N/A,,fixed_price,carie_auktion_20260314_195825.csv,2026-03-14 19:58:25,2026-03-14
60128,450,,,,N/A,,fixed_price,carie_auktion_20260314_195825.csv,2026-03-14 19:58:25,2026-03-14
63702,450,,,,N/A,,fixed_price,carie_auktion_20260314_195825.csv,2026-03-14 19:58:25,2026-03-14
74513,400,,,,N/A,,fixed_price,carie_auktion_20260314_195825.csv,2026-03-14 19:58:25,2026-03-14
850,3000,100,15100,16,4 giorni 00:01:30,345690,auction,carie_auktion_20260314_195825.csv,2026-03-14 19:58:25,2026-03-14
90889,800,50,900,2,8 giorni 00:01:29,691289,auction,carie_auktion_20260314_195825.csv,2026-03-14 19:58:25,2026-03-14
99753,400,,,,N/A,,fixed_price,carie_auktion_20260314_195825.csv,2026-03-14 19:58:25,2026-03-14
10902,3000,50,850,1,6 giorni 22:16:03,598563,auction,carie_auktion_20260315_214353.csv,2026-03-15 21:43:53,2026-03-15
115533,800,50,650,2,2 giorni 22:16:03,252963,auction,carie_auktion_20260315_214353.csv,2026-03-15 21:43:53,2026-03-15
250444,350,,,,N/A,,fixed_price,carie_auktion_20260315_214353.csv,2026-03-15 21:43:53,2026-03-15
30641,800,,,,N/A,,fixed_price,carie_auktion_20260315_214353.csv,2026-03-15 21:43:53,2026-03-15
38724,800,,,,N/A,,fixed_price,carie_auktion_20260315_214353.csv,2026-03-15 21:43:53,2026-03-15
39621,600,,,,N/A,,fixed_price,carie_auktion_20260315_214353.csv,2026-03-15 21:43:53,2026-03-15
41239,600,,,,N/A,,fixed_price,carie_auktion_20260315_214353.csv,2026-03-15 21:43:53,2026-03-15
47651,450,,,,N/A,,fixed_price,carie_auktion_20260315_214353.csv,2026-03-15 21:43:53,2026-03-15
60128,450,,,,N/A,,fixed_price,carie_auktion_20260315_214353.csv,2026-03-15 21:43:53,2026-03-15
63702,450,,,,N/A,,fixed_price,carie_auktion_20260315_214353.csv,2026-03-15 21:43:53,2026-03-15
74513,400,,,,N/A,,fixed_price,carie_auktion_20260315_214353.csv,2026-03-15 21:43:53,2026-03-15
850,3000,100,15100,16,2 giorni 22:16:03,252963,auction,carie_auktion_20260315_214353.csv,2026-03-15 21:43:53,2026-03-15
90889,800,50,900,2,6 giorni 22:16:03,598563,auction,carie_auktion_20260315_214353.csv,2026-03-15 21:43:53,2026-03-15
99753,400,,,,N/A,,fixed_price,carie_auktion_20260315_214353.csv,2026-03-15 21:43:53,2026-03-15
10614,3000,50,1000,2,2 giorni 00:01:29,172889,auction,carie_auktion_20260330_195826.csv,2026-03-30 19:58:26,2026-03-30
111982,350,,,,N/A,,fixed_price,carie_auktion_20260330_195826.csv,2026-03-30 19:58:26,2026-03-30
22731,800,,,,N/A,,fixed_price,carie_auktion_20260330_195826.csv,2026-03-30 19:58:26,2026-03-30
29873,800,,,,N/A,,fixed_price,carie_auktion_20260330_195826.csv,2026-03-30 19:58:26,2026-03-30
329999,800,50,600,1,9 giorni 00:01:29,777689,auction,carie_auktion_20260330_195826.csv,2026-03-30 19:58:26,2026-03-30
38724,600,,,,N/A,,fixed_price,carie_auktion_20260330_195826.csv,2026-03-30 19:58:26,2026-03-30
42911,800,50,1150,6,2 giorni 00:01:29,172889,auction,carie_auktion_20260330_195826.csv,2026-03-30 19:58:26,2026-03-30
472,3000,100,8900,5,9 giorni 00:01:30,777690,auction,carie_auktion_20260330_195826.csv,2026-03-30 19:58:26,2026-03-30
47651,600,,,,N/A,,fixed_price,carie_auktion_20260330_195826.csv,2026-03-30 19:58:26,2026-03-30
52163,600,,,,N/A,,fixed_price,carie_auktion_20260330_195826.csv,2026-03-30 19:58:26,2026-03-30
62107,550,,,,N/A,,fixed_price,carie_auktion_20260330_195826.csv,2026-03-30 19:58:26,2026-03-30
94208,450,,,,N/A,,fixed_price,carie_auktion_20260330_195826.csv,2026-03-30 19:58:26,2026-03-30
98749,400,,,,N/A,,fixed_price,carie_auktion_20260330_195826.csv,2026-03-30 19:58:26,2026-03-30
TI 10443,,,800,1,22.04.2026,0,auction,carie_auktion_side_20260415_145704.csv,2026-04-15 14:57:04,2026-04-15
TI 111457,200,,,,N/A,,fixed_price,carie_auktion_side_20260415_145704.csv,2026-04-15 14:57:04,2026-04-15
TI 196961,,,600,0,19.04.2026,0,auction,carie_auktion_side_20260415_145704.csv,2026-04-15 14:57:04,2026-04-15
TI 46914,450,,,,N/A,,fixed_price,carie_auktion_side_20260415_145704.csv,2026-04-15 14:57:04,2026-04-15
TI 47651,400,,,,N/A,,fixed_price,carie_auktion_side_20260415_145704.csv,2026-04-15 14:57:04,2026-04-15
TI 520,,,18100,16,19.04.2026,0,auction,carie_auktion_side_20260415_145704.csv,2026-04-15 14:57:04,2026-04-15
TI 58792,350,,,,N/A,,fixed_price,carie_auktion_side_20260415_145704.csv,2026-04-15 14:57:04,2026-04-15
TI 74851,300,,,,N/A,,fixed_price,carie_auktion_side_20260415_145704.csv,2026-04-15 14:57:04,2026-04-15
TI 76598,300,,,,N/A,,fixed_price,carie_auktion_side_20260415_145704.csv,2026-04-15 14:57:04,2026-04-15
TI 8616,,,4000,7,22.04.2026,0,auction,carie_auktion_side_20260415_145704.csv,2026-04-15 14:57:04,2026-04-15
TI 94208,300,,,,N/A,,fixed_price,carie_auktion_side_20260415_145704.csv,2026-04-15 14:57:04,2026-04-15
TI 10443,,,800,1,22.04.2026,0,auction,carie_auktion_side_20260415_185759.csv,2026-04-15 18:57:59,2026-04-15
TI 111457,200,,,,N/A,,fixed_price,carie_auktion_side_20260415_185759.csv,2026-04-15 18:57:59,2026-04-15
TI 196961,,,600,0,19.04.2026,0,auction,carie_auktion_side_20260415_185759.csv,2026-04-15 18:57:59,2026-04-15
TI 46914,450,,,,N/A,,fixed_price,carie_auktion_side_20260415_185759.csv,2026-04-15 18:57:59,2026-04-15
TI 47651,400,,,,N/A,,fixed_price,carie_auktion_side_20260415_185759.csv,2026-04-15 18:57:59,2026-04-15
TI 520,,,18100,16,19.04.2026,0,auction,carie_auktion_side_20260415_185759.csv,2026-04-15 18:57:59,2026-04-15
TI 58792,350,,,,N/A,,fixed_price,carie_auktion_side_20260415_185759.csv,2026-04-15 18:57:59,2026-04-15
TI 74851,300,,,,N/A,,fixed_price,carie_auktion_side_20260415_185759.csv,2026-04-15 18:57:59,2026-04-15
TI 76598,300,,,,N/A,,fixed_price,carie_auktion_side_20260415_185759.csv,2026-04-15 18:57:59,2026-04-15
TI 8616,,,4100,8,22.04.2026,0,auction,carie_auktion_side_20260415_185759.csv,2026-04-15 18:57:59,2026-04-15
TI 94208,300,,,,N/A,,fixed_price,carie_auktion_side_20260415_185759.csv,2026-04-15 18:57:59,2026-04-15
TI 10443,,,800,1,22.04.2026,0,auction,carie_auktion_side_20260416_185521.csv,2026-04-16 18:55:21,2026-04-16
TI 111457,200,,,,N/A,,fixed_price,carie_auktion_side_20260416_185521.csv,2026-04-16 18:55:21,2026-04-16
TI 196961,,,650,1,19.04.2026,0,auction,carie_auktion_side_20260416_185521.csv,2026-04-16 18:55:21,2026-04-16
TI 46914,450,,,,N/A,,fixed_price,carie_auktion_side_20260416_185521.csv,2026-04-16 18:55:21,2026-04-16
TI 47651,400,,,,N/A,,fixed_price,carie_auktion_side_20260416_185521.csv,2026-04-16 18:55:21,2026-04-16
TI 520,,,18300,18,19.04.2026,0,auction,carie_auktion_side_20260416_185521.csv,2026-04-16 18:55:21,2026-04-16
TI 58792,350,,,,N/A,,fixed_price,carie_auktion_side_20260416_185521.csv,2026-04-16 18:55:21,2026-04-16
TI 74851,300,,,,N/A,,fixed_price,carie_auktion_side_20260416_185521.csv,2026-04-16 18:55:21,2026-04-16
TI 76598,300,,,,N/A,,fixed_price,carie_auktion_side_20260416_185521.csv,2026-04-16 18:55:21,2026-04-16
TI 8616,,,4500,9,22.04.2026,0,auction,carie_auktion_side_20260416_185521.csv,2026-04-16 18:55:21,2026-04-16
TI 94208,300,,,,N/A,,fixed_price,carie_auktion_side_20260416_185521.csv,2026-04-16 18:55:21,2026-04-16
TI 10443,,,800,1,22.04.2026,0,auction,carie_auktion_side_20260417_184035.csv,2026-04-17 18:40:35,2026-04-17
TI 111457,200,,,,N/A,,fixed_price,carie_auktion_side_20260417_184035.csv,2026-04-17 18:40:35,2026-04-17
TI 196961,,,650,1,19.04.2026,0,auction,carie_auktion_side_20260417_184035.csv,2026-04-17 18:40:35,2026-04-17
TI 46914,450,,,,N/A,,fixed_price,carie_auktion_side_20260417_184035.csv,2026-04-17 18:40:35,2026-04-17
TI 47651,400,,,,N/A,,fixed_price,carie_auktion_side_20260417_184035.csv,2026-04-17 18:40:35,2026-04-17
TI 520,,,18300,18,19.04.2026,0,auction,carie_auktion_side_20260417_184035.csv,2026-04-17 18:40:35,2026-04-17
TI 58792,350,,,,N/A,,fixed_price,carie_auktion_side_20260417_184035.csv,2026-04-17 18:40:35,2026-04-17
TI 74851,300,,,,N/A,,fixed_price,carie_auktion_side_20260417_184035.csv,2026-04-17 18:40:35,2026-04-17
TI 76598,300,,,,N/A,,fixed_price,carie_auktion_side_20260417_184035.csv,2026-04-17 18:40:35,2026-04-17
TI 8616,,,4500,9,22.04.2026,0,auction,carie_auktion_side_20260417_184035.csv,2026-04-17 18:40:35,2026-04-17
TI 94208,300,,,,N/A,,fixed_price,carie_auktion_side_20260417_184035.csv,2026-04-17 18:40:35,2026-04-17
TI 10443,,,800,1,22.04.2026,0,auction,carie_auktion_side_20260418_183036.csv,2026-04-18 18:30:36,2026-04-18
TI 111457,200,,,,N/A,,fixed_price,carie_auktion_side_20260418_183036.csv,2026-04-18 18:30:36,2026-04-18
TI 196961,,,650,1,19.04.2026,0,auction,carie_auktion_side_20260418_183036.csv,2026-04-18 18:30:36,2026-04-18
TI 46914,450,,,,N/A,,fixed_price,carie_auktion_side_20260418_183036.csv,2026-04-18 18:30:36,2026-04-18
TI 47651,400,,,,N/A,,fixed_price,carie_auktion_side_20260418_183036.csv,2026-04-18 18:30:36,2026-04-18
TI 520,,,18300,18,19.04.2026,0,auction,carie_auktion_side_20260418_183036.csv,2026-04-18 18:30:36,2026-04-18
TI 58792,350,,,,N/A,,fixed_price,carie_auktion_side_20260418_183036.csv,2026-04-18 18:30:36,2026-04-18
TI 74851,300,,,,N/A,,fixed_price,carie_auktion_side_20260418_183036.csv,2026-04-18 18:30:36,2026-04-18
TI 8616,,,4500,9,22.04.2026,0,auction,carie_auktion_side_20260418_183036.csv,2026-04-18 18:30:36,2026-04-18
TI 94208,300,,,,N/A,,fixed_price,carie_auktion_side_20260418_183036.csv,2026-04-18 18:30:36,2026-04-18
TI 10443,,,1000,2,22.04.2026,0,auction,carie_auktion_side_20260419_183157.csv,2026-04-19 18:31:57,2026-04-19
TI 111457,200,,,,N/A,,fixed_price,carie_auktion_side_20260419_183157.csv,2026-04-19 18:31:57,2026-04-19
TI 46914,450,,,,N/A,,fixed_price,carie_auktion_side_20260419_183157.csv,2026-04-19 18:31:57,2026-04-19
TI 47651,400,,,,N/A,,fixed_price,carie_auktion_side_20260419_183157.csv,2026-04-19 18:31:57,2026-04-19
TI 58792,350,,,,N/A,,fixed_price,carie_auktion_side_20260419_183157.csv,2026-04-19 18:31:57,2026-04-19
TI 74851,300,,,,N/A,,fixed_price,carie_auktion_side_20260419_183157.csv,2026-04-19 18:31:57,2026-04-19
TI 8616,,,4500,9,22.04.2026,0,auction,carie_auktion_side_20260419_183157.csv,2026-04-19 18:31:57,2026-04-19
TI 94208,300,,,,N/A,,fixed_price,carie_auktion_side_20260419_183157.csv,2026-04-19 18:31:57,2026-04-19
TI 102222,,,1500,1,29.04.2026,0,auction,carie_auktion_side_20260420_184857.csv,2026-04-20 18:48:57,2026-04-20
TI 10443,,,1000,2,22.04.2026,0,auction,carie_auktion_side_20260420_184857.csv,2026-04-20 18:48:57,2026-04-20
TI 111457,200,,,,N/A,,fixed_price,carie_auktion_side_20260420_184857.csv,2026-04-20 18:48:57,2026-04-20
TI 46914,450,,,,N/A,,fixed_price,carie_auktion_side_20260420_184857.csv,2026-04-20 18:48:57,2026-04-20
TI 47651,400,,,,N/A,,fixed_price,carie_auktion_side_20260420_184857.csv,2026-04-20 18:48:57,2026-04-20
TI 74851,300,,,,N/A,,fixed_price,carie_auktion_side_20260420_184857.csv,2026-04-20 18:48:57,2026-04-20
TI 776,,,9800,5,29.04.2026,0,auction,carie_auktion_side_20260420_184857.csv,2026-04-20 18:48:57,2026-04-20
TI 8616,,,4700,11,22.04.2026,0,auction,carie_auktion_side_20260420_184857.csv,2026-04-20 18:48:57,2026-04-20
TI 102222,,,1500,1,29.04.2026,0,auction,carie_auktion_side_20260421_185427.csv,2026-04-21 18:54:27,2026-04-21
TI 10443,,,1000,2,22.04.2026,0,auction,carie_auktion_side_20260421_185427.csv,2026-04-21 18:54:27,2026-04-21
TI 111457,200,,,,N/A,,fixed_price,carie_auktion_side_20260421_185427.csv,2026-04-21 18:54:27,2026-04-21
TI 46914,450,,,,N/A,,fixed_price,carie_auktion_side_20260421_185427.csv,2026-04-21 18:54:27,2026-04-21
TI 47651,400,,,,N/A,,fixed_price,carie_auktion_side_20260421_185427.csv,2026-04-21 18:54:27,2026-04-21
TI 74851,300,,,,N/A,,fixed_price,carie_auktion_side_20260421_185427.csv,2026-04-21 18:54:27,2026-04-21
TI 776,,,12000,6,29.04.2026,0,auction,carie_auktion_side_20260421_185427.csv,2026-04-21 18:54:27,2026-04-21
TI 8616,,,4700,11,22.04.2026,0,auction,carie_auktion_side_20260421_185427.csv,2026-04-21 18:54:27,2026-04-21
TI 102222,,,1500,1,29.04.2026,0,auction,carie_auktion_side_20260422_185624.csv,2026-04-22 18:56:24,2026-04-22
TI 111457,200,,,,N/A,,fixed_price,carie_auktion_side_20260422_185624.csv,2026-04-22 18:56:24,2026-04-22
TI 46914,450,,,,N/A,,fixed_price,carie_auktion_side_20260422_185624.csv,2026-04-22 18:56:24,2026-04-22
TI 47651,400,,,,N/A,,fixed_price,carie_auktion_side_20260422_185624.csv,2026-04-22 18:56:24,2026-04-22
TI 74851,300,,,,N/A,,fixed_price,carie_auktion_side_20260422_185624.csv,2026-04-22 18:56:24,2026-04-22
TI 776,,,12000,6,29.04.2026,0,auction,carie_auktion_side_20260422_185624.csv,2026-04-22 18:56:24,2026-04-22
TI 102222,,,1500,1,29.04.2026,0,auction,carie_auktion_side_20260423_185243.csv,2026-04-23 18:52:43,2026-04-23
TI 11062,,,900,2,03.05.2026,0,auction,carie_auktion_side_20260423_185243.csv,2026-04-23 18:52:43,2026-04-23
TI 111457,200,,,,N/A,,fixed_price,carie_auktion_side_20260423_185243.csv,2026-04-23 18:52:43,2026-04-23
TI 25725,,,700,1,03.05.2026,0,auction,carie_auktion_side_20260423_185243.csv,2026-04-23 18:52:43,2026-04-23
TI 46914,450,,,,N/A,,fixed_price,carie_auktion_side_20260423_185243.csv,2026-04-23 18:52:43,2026-04-23
TI 74851,300,,,,N/A,,fixed_price,carie_auktion_side_20260423_185243.csv,2026-04-23 18:52:43,2026-04-23
TI 776,,,12000,6,29.04.2026,0,auction,carie_auktion_side_20260423_185243.csv,2026-04-23 18:52:43,2026-04-23
TI 102222,,,1500,1,29.04.2026,0,auction,carie_auktion_side_20260424_183457.csv,2026-04-24 18:34:57,2026-04-24
TI 11062,,,900,2,03.05.2026,0,auction,carie_auktion_side_20260424_183457.csv,2026-04-24 18:34:57,2026-04-24
TI 111457,200,,,,N/A,,fixed_price,carie_auktion_side_20260424_183457.csv,2026-04-24 18:34:57,2026-04-24
TI 152777,200,,,,N/A,,fixed_price,carie_auktion_side_20260424_183457.csv,2026-04-24 18:34:57,2026-04-24
TI 209333,200,,,,N/A,,fixed_price,carie_auktion_side_20260424_183457.csv,2026-04-24 18:34:57,2026-04-24
TI 22084,600,,,,N/A,,fixed_price,carie_auktion_side_20260424_183457.csv,2026-04-24 18:34:57,2026-04-24
TI 25725,,,700,1,03.05.2026,0,auction,carie_auktion_side_20260424_183457.csv,2026-04-24 18:34:57,2026-04-24
TI 27491,550,,,,N/A,,fixed_price,carie_auktion_side_20260424_183457.csv,2026-04-24 18:34:57,2026-04-24
TI 31426,450,,,,N/A,,fixed_price,carie_auktion_side_20260424_183457.csv,2026-04-24 18:34:57,2026-04-24
TI 35940,450,,,,N/A,,fixed_price,carie_auktion_side_20260424_183457.csv,2026-04-24 18:34:57,2026-04-24
TI 42902,450,,,,N/A,,fixed_price,carie_auktion_side_20260424_183457.csv,2026-04-24 18:34:57,2026-04-24
TI 46914,450,,,,N/A,,fixed_price,carie_auktion_side_20260424_183457.csv,2026-04-24 18:34:57,2026-04-24
TI 47896,400,,,,N/A,,fixed_price,carie_auktion_side_20260424_183457.csv,2026-04-24 18:34:57,2026-04-24
TI 51406,350,,,,N/A,,fixed_price,carie_auktion_side_20260424_183457.csv,2026-04-24 18:34:57,2026-04-24
TI 54801,350,,,,N/A,,fixed_price,carie_auktion_side_20260424_183457.csv,2026-04-24 18:34:57,2026-04-24
TI 62518,350,,,,N/A,,fixed_price,carie_auktion_side_20260424_183457.csv,2026-04-24 18:34:57,2026-04-24
TI 65719,350,,,,N/A,,fixed_price,carie_auktion_side_20260424_183457.csv,2026-04-24 18:34:57,2026-04-24
TI 74851,300,,,,N/A,,fixed_price,carie_auktion_side_20260424_183457.csv,2026-04-24 18:34:57,2026-04-24
TI 776,,,12000,6,29.04.2026,0,auction,carie_auktion_side_20260424_183457.csv,2026-04-24 18:34:57,2026-04-24
TI 92719,350,,,,N/A,,fixed_price,carie_auktion_side_20260424_183457.csv,2026-04-24 18:34:57,2026-04-24
TI 98674,300,,,,N/A,,fixed_price,carie_auktion_side_20260424_183457.csv,2026-04-24 18:34:57,2026-04-24
TI 102222,,,1500,1,29.04.2026,0,auction,carie_auktion_side_20260425_183324.csv,2026-04-25 18:33:24,2026-04-25
TI 11062,,,900,2,03.05.2026,0,auction,carie_auktion_side_20260425_183324.csv,2026-04-25 18:33:24,2026-04-25
TI 111457,200,,,,N/A,,fixed_price,carie_auktion_side_20260425_183324.csv,2026-04-25 18:33:24,2026-04-25
TI 152777,200,,,,N/A,,fixed_price,carie_auktion_side_20260425_183324.csv,2026-04-25 18:33:24,2026-04-25
TI 209333,200,,,,N/A,,fixed_price,carie_auktion_side_20260425_183324.csv,2026-04-25 18:33:24,2026-04-25
TI 22084,600,,,,N/A,,fixed_price,carie_auktion_side_20260425_183324.csv,2026-04-25 18:33:24,2026-04-25
TI 25725,,,700,1,03.05.2026,0,auction,carie_auktion_side_20260425_183324.csv,2026-04-25 18:33:24,2026-04-25
TI 27491,550,,,,N/A,,fixed_price,carie_auktion_side_20260425_183324.csv,2026-04-25 18:33:24,2026-04-25
TI 31426,450,,,,N/A,,fixed_price,carie_auktion_side_20260425_183324.csv,2026-04-25 18:33:24,2026-04-25
TI 35940,450,,,,N/A,,fixed_price,carie_auktion_side_20260425_183324.csv,2026-04-25 18:33:24,2026-04-25
TI 46914,450,,,,N/A,,fixed_price,carie_auktion_side_20260425_183324.csv,2026-04-25 18:33:24,2026-04-25
TI 47896,400,,,,N/A,,fixed_price,carie_auktion_side_20260425_183324.csv,2026-04-25 18:33:24,2026-04-25
TI 51406,350,,,,N/A,,fixed_price,carie_auktion_side_20260425_183324.csv,2026-04-25 18:33:24,2026-04-25
TI 54801,350,,,,N/A,,fixed_price,carie_auktion_side_20260425_183324.csv,2026-04-25 18:33:24,2026-04-25
TI 62518,350,,,,N/A,,fixed_price,carie_auktion_side_20260425_183324.csv,2026-04-25 18:33:24,2026-04-25
TI 65719,350,,,,N/A,,fixed_price,carie_auktion_side_20260425_183324.csv,2026-04-25 18:33:24,2026-04-25
TI 74851,300,,,,N/A,,fixed_price,carie_auktion_side_20260425_183324.csv,2026-04-25 18:33:24,2026-04-25
TI 776,,,12400,7,29.04.2026,0,auction,carie_auktion_side_20260425_183324.csv,2026-04-25 18:33:24,2026-04-25
TI 92719,350,,,,N/A,,fixed_price,carie_auktion_side_20260425_183324.csv,2026-04-25 18:33:24,2026-04-25
TI 98674,300,,,,N/A,,fixed_price,carie_auktion_side_20260425_183324.csv,2026-04-25 18:33:24,2026-04-25
TI 102222,,,1500,1,29.04.2026,0,auction,carie_auktion_side_20260426_183417.csv,2026-04-26 18:34:17,2026-04-26
TI 11062,,,900,2,03.05.2026,0,auction,carie_auktion_side_20260426_183417.csv,2026-04-26 18:34:17,2026-04-26
TI 111457,200,,,,N/A,,fixed_price,carie_auktion_side_20260426_183417.csv,2026-04-26 18:34:17,2026-04-26
TI 209333,200,,,,N/A,,fixed_price,carie_auktion_side_20260426_183417.csv,2026-04-26 18:34:17,2026-04-26
TI 22084,600,,,,N/A,,fixed_price,carie_auktion_side_20260426_183417.csv,2026-04-26 18:34:17,2026-04-26
TI 25725,,,700,1,03.05.2026,0,auction,carie_auktion_side_20260426_183417.csv,2026-04-26 18:34:17,2026-04-26
TI 27491,550,,,,N/A,,fixed_price,carie_auktion_side_20260426_183417.csv,2026-04-26 18:34:17,2026-04-26
TI 31426,450,,,,N/A,,fixed_price,carie_auktion_side_20260426_183417.csv,2026-04-26 18:34:17,2026-04-26
TI 35940,450,,,,N/A,,fixed_price,carie_auktion_side_20260426_183417.csv,2026-04-26 18:34:17,2026-04-26
TI 46914,450,,,,N/A,,fixed_price,carie_auktion_side_20260426_183417.csv,2026-04-26 18:34:17,2026-04-26
TI 47896,400,,,,N/A,,fixed_price,carie_auktion_side_20260426_183417.csv,2026-04-26 18:34:17,2026-04-26
TI 51406,350,,,,N/A,,fixed_price,carie_auktion_side_20260426_183417.csv,2026-04-26 18:34:17,2026-04-26
TI 54801,350,,,,N/A,,fixed_price,carie_auktion_side_20260426_183417.csv,2026-04-26 18:34:17,2026-04-26
TI 62518,350,,,,N/A,,fixed_price,carie_auktion_side_20260426_183417.csv,2026-04-26 18:34:17,2026-04-26
TI 65719,350,,,,N/A,,fixed_price,carie_auktion_side_20260426_183417.csv,2026-04-26 18:34:17,2026-04-26
TI 74851,300,,,,N/A,,fixed_price,carie_auktion_side_20260426_183417.csv,2026-04-26 18:34:17,2026-04-26
TI 776,,,12500,8,29.04.2026,0,auction,carie_auktion_side_20260426_183417.csv,2026-04-26 18:34:17,2026-04-26
TI 92719,350,,,,N/A,,fixed_price,carie_auktion_side_20260426_183417.csv,2026-04-26 18:34:17,2026-04-26
TI 98674,300,,,,N/A,,fixed_price,carie_auktion_side_20260426_183417.csv,2026-04-26 18:34:17,2026-04-26
TI 102222,,,1500,1,29.04.2026,0,auction,carie_auktion_side_20260427_190155.csv,2026-04-27 19:01:55,2026-04-27
TI 11062,,,1200,3,03.05.2026,0,auction,carie_auktion_side_20260427_190155.csv,2026-04-27 19:01:55,2026-04-27
TI 111457,200,,,,N/A,,fixed_price,carie_auktion_side_20260427_190155.csv,2026-04-27 19:01:55,2026-04-27
TI 209333,200,,,,N/A,,fixed_price,carie_auktion_side_20260427_190155.csv,2026-04-27 19:01:55,2026-04-27
TI 22084,600,,,,N/A,,fixed_price,carie_auktion_side_20260427_190155.csv,2026-04-27 19:01:55,2026-04-27
TI 25725,,,700,1,03.05.2026,0,auction,carie_auktion_side_20260427_190155.csv,2026-04-27 19:01:55,2026-04-27
TI 27491,550,,,,N/A,,fixed_price,carie_auktion_side_20260427_190155.csv,2026-04-27 19:01:55,2026-04-27
TI 31426,450,,,,N/A,,fixed_price,carie_auktion_side_20260427_190155.csv,2026-04-27 19:01:55,2026-04-27
TI 35940,450,,,,N/A,,fixed_price,carie_auktion_side_20260427_190155.csv,2026-04-27 19:01:55,2026-04-27
TI 46914,450,,,,N/A,,fixed_price,carie_auktion_side_20260427_190155.csv,2026-04-27 19:01:55,2026-04-27
TI 47896,400,,,,N/A,,fixed_price,carie_auktion_side_20260427_190155.csv,2026-04-27 19:01:55,2026-04-27
TI 54801,350,,,,N/A,,fixed_price,carie_auktion_side_20260427_190155.csv,2026-04-27 19:01:55,2026-04-27
TI 62518,350,,,,N/A,,fixed_price,carie_auktion_side_20260427_190155.csv,2026-04-27 19:01:55,2026-04-27
TI 65719,350,,,,N/A,,fixed_price,carie_auktion_side_20260427_190155.csv,2026-04-27 19:01:55,2026-04-27
TI 74851,300,,,,N/A,,fixed_price,carie_auktion_side_20260427_190155.csv,2026-04-27 19:01:55,2026-04-27
TI 776,,,12500,8,29.04.2026,0,auction,carie_auktion_side_20260427_190155.csv,2026-04-27 19:01:55,2026-04-27
TI 92719,350,,,,N/A,,fixed_price,carie_auktion_side_20260427_190155.csv,2026-04-27 19:01:55,2026-04-27
TI 98674,300,,,,N/A,,fixed_price,carie_auktion_side_20260427_190155.csv,2026-04-27 19:01:55,2026-04-27
TI 102222,,,1500,1,29.04.2026,0,auction,carie_auktion_side_20260428_191559.csv,2026-04-28 19:15:59,2026-04-28
TI 11062,,,1200,3,03.05.2026,0,auction,carie_auktion_side_20260428_191559.csv,2026-04-28 19:15:59,2026-04-28
TI 111457,200,,,,N/A,,fixed_price,carie_auktion_side_20260428_191559.csv,2026-04-28 19:15:59,2026-04-28
TI 209333,200,,,,N/A,,fixed_price,carie_auktion_side_20260428_191559.csv,2026-04-28 19:15:59,2026-04-28
TI 22084,600,,,,N/A,,fixed_price,carie_auktion_side_20260428_191559.csv,2026-04-28 19:15:59,2026-04-28
TI 25725,,,700,1,03.05.2026,0,auction,carie_auktion_side_20260428_191559.csv,2026-04-28 19:15:59,2026-04-28
TI 27491,550,,,,N/A,,fixed_price,carie_auktion_side_20260428_191559.csv,2026-04-28 19:15:59,2026-04-28
TI 31426,450,,,,N/A,,fixed_price,carie_auktion_side_20260428_191559.csv,2026-04-28 19:15:59,2026-04-28
TI 35940,450,,,,N/A,,fixed_price,carie_auktion_side_20260428_191559.csv,2026-04-28 19:15:59,2026-04-28
TI 46914,450,,,,N/A,,fixed_price,carie_auktion_side_20260428_191559.csv,2026-04-28 19:15:59,2026-04-28
TI 47896,400,,,,N/A,,fixed_price,carie_auktion_side_20260428_191559.csv,2026-04-28 19:15:59,2026-04-28
TI 54801,350,,,,N/A,,fixed_price,carie_auktion_side_20260428_191559.csv,2026-04-28 19:15:59,2026-04-28
TI 62518,350,,,,N/A,,fixed_price,carie_auktion_side_20260428_191559.csv,2026-04-28 19:15:59,2026-04-28
TI 65719,350,,,,N/A,,fixed_price,carie_auktion_side_20260428_191559.csv,2026-04-28 19:15:59,2026-04-28
TI 74851,300,,,,N/A,,fixed_price,carie_auktion_side_20260428_191559.csv,2026-04-28 19:15:59,2026-04-28
TI 776,,,12600,9,29.04.2026,0,auction,carie_auktion_side_20260428_191559.csv,2026-04-28 19:15:59,2026-04-28
TI 92719,350,,,,N/A,,fixed_price,carie_auktion_side_20260428_191559.csv,2026-04-28 19:15:59,2026-04-28
TI 98674,300,,,,N/A,,fixed_price,carie_auktion_side_20260428_191559.csv,2026-04-28 19:15:59,2026-04-28
TI 11062,,,1200,3,03.05.2026,0,auction,carie_auktion_side_20260429_190527.csv,2026-04-29 19:05:27,2026-04-29
TI 111457,200,,,,N/A,,fixed_price,carie_auktion_side_20260429_190527.csv,2026-04-29 19:05:27,2026-04-29
TI 115,,,3000,0,10.05.2026,0,auction,carie_auktion_side_20260429_190527.csv,2026-04-29 19:05:27,2026-04-29
TI 209333,200,,,,N/A,,fixed_price,carie_auktion_side_20260429_190527.csv,2026-04-29 19:05:27,2026-04-29
TI 25725,,,700,1,03.05.2026,0,auction,carie_auktion_side_20260429_190527.csv,2026-04-29 19:05:27,2026-04-29
TI 273732,,,600,0,10.05.2026,0,auction,carie_auktion_side_20260429_190527.csv,2026-04-29 19:05:27,2026-04-29
TI 31426,450,,,,N/A,,fixed_price,carie_auktion_side_20260429_190527.csv,2026-04-29 19:05:27,2026-04-29
TI 35940,450,,,,N/A,,fixed_price,carie_auktion_side_20260429_190527.csv,2026-04-29 19:05:27,2026-04-29
TI 46914,450,,,,N/A,,fixed_price,carie_auktion_side_20260429_190527.csv,2026-04-29 19:05:27,2026-04-29
TI 47896,400,,,,N/A,,fixed_price,carie_auktion_side_20260429_190527.csv,2026-04-29 19:05:27,2026-04-29
TI 54801,350,,,,N/A,,fixed_price,carie_auktion_side_20260429_190527.csv,2026-04-29 19:05:27,2026-04-29
TI 62518,350,,,,N/A,,fixed_price,carie_auktion_side_20260429_190527.csv,2026-04-29 19:05:27,2026-04-29
TI 65719,350,,,,N/A,,fixed_price,carie_auktion_side_20260429_190527.csv,2026-04-29 19:05:27,2026-04-29
TI 74851,300,,,,N/A,,fixed_price,carie_auktion_side_20260429_190527.csv,2026-04-29 19:05:27,2026-04-29
TI 92719,350,,,,N/A,,fixed_price,carie_auktion_side_20260429_190527.csv,2026-04-29 19:05:27,2026-04-29
TI 98674,300,,,,N/A,,fixed_price,carie_auktion_side_20260429_190527.csv,2026-04-29 19:05:27,2026-04-29
TI 11062,,,1200,3,03.05.2026,0,auction,carie_auktion_side_20260430_190336.csv,2026-04-30 19:03:36,2026-04-30
TI 111457,200,,,,N/A,,fixed_price,carie_auktion_side_20260430_190336.csv,2026-04-30 19:03:36,2026-04-30
TI 115,,,20500,5,10.05.2026,0,auction,carie_auktion_side_20260430_190336.csv,2026-04-30 19:03:36,2026-04-30
TI 209333,200,,,,N/A,,fixed_price,carie_auktion_side_20260430_190336.csv,2026-04-30 19:03:36,2026-04-30
TI 25725,,,700,1,03.05.2026,0,auction,carie_auktion_side_20260430_190336.csv,2026-04-30 19:03:36,2026-04-30
TI 273732,,,600,0,10.05.2026,0,auction,carie_auktion_side_20260430_190336.csv,2026-04-30 19:03:36,2026-04-30
TI 31426,450,,,,N/A,,fixed_price,carie_auktion_side_20260430_190336.csv,2026-04-30 19:03:36,2026-04-30
TI 35940,450,,,,N/A,,fixed_price,carie_auktion_side_20260430_190336.csv,2026-04-30 19:03:36,2026-04-30
TI 46914,450,,,,N/A,,fixed_price,carie_auktion_side_20260430_190336.csv,2026-04-30 19:03:36,2026-04-30
TI 47896,400,,,,N/A,,fixed_price,carie_auktion_side_20260430_190336.csv,2026-04-30 19:03:36,2026-04-30
TI 54801,350,,,,N/A,,fixed_price,carie_auktion_side_20260430_190336.csv,2026-04-30 19:03:36,2026-04-30
TI 62518,350,,,,N/A,,fixed_price,carie_auktion_side_20260430_190336.csv,2026-04-30 19:03:36,2026-04-30
TI 65719,350,,,,N/A,,fixed_price,carie_auktion_side_20260430_190336.csv,2026-04-30 19:03:36,2026-04-30
TI 74851,300,,,,N/A,,fixed_price,carie_auktion_side_20260430_190336.csv,2026-04-30 19:03:36,2026-04-30
TI 92719,350,,,,N/A,,fixed_price,carie_auktion_side_20260430_190336.csv,2026-04-30 19:03:36,2026-04-30
TI 98674,300,,,,N/A,,fixed_price,carie_auktion_side_20260430_190336.csv,2026-04-30 19:03:36,2026-04-30
TI 11062,,,1200,3,03.05.2026,0,auction,carie_auktion_side_20260501_185415.csv,2026-05-01 18:54:15,2026-05-01
TI 111457,200,,,,N/A,,fixed_price,carie_auktion_side_20260501_185415.csv,2026-05-01 18:54:15,2026-05-01
TI 115,,,21500,7,10.05.2026,0,auction,carie_auktion_side_20260501_185415.csv,2026-05-01 18:54:15,2026-05-01
TI 209333,200,,,,N/A,,fixed_price,carie_auktion_side_20260501_185415.csv,2026-05-01 18:54:15,2026-05-01
TI 25725,,,700,1,03.05.2026,0,auction,carie_auktion_side_20260501_185415.csv,2026-05-01 18:54:15,2026-05-01
TI 273732,,,600,0,10.05.2026,0,auction,carie_auktion_side_20260501_185415.csv,2026-05-01 18:54:15,2026-05-01
TI 35940,450,,,,N/A,,fixed_price,carie_auktion_side_20260501_185415.csv,2026-05-01 18:54:15,2026-05-01
TI 46914,450,,,,N/A,,fixed_price,carie_auktion_side_20260501_185415.csv,2026-05-01 18:54:15,2026-05-01
TI 47896,400,,,,N/A,,fixed_price,carie_auktion_side_20260501_185415.csv,2026-05-01 18:54:15,2026-05-01
TI 62518,350,,,,N/A,,fixed_price,carie_auktion_side_20260501_185415.csv,2026-05-01 18:54:15,2026-05-01
TI 65719,350,,,,N/A,,fixed_price,carie_auktion_side_20260501_185415.csv,2026-05-01 18:54:15,2026-05-01
TI 74851,300,,,,N/A,,fixed_price,carie_auktion_side_20260501_185415.csv,2026-05-01 18:54:15,2026-05-01
TI 92719,350,,,,N/A,,fixed_price,carie_auktion_side_20260501_185415.csv,2026-05-01 18:54:15,2026-05-01
TI 98674,300,,,,N/A,,fixed_price,carie_auktion_side_20260501_185415.csv,2026-05-01 18:54:15,2026-05-01
TI 11062,,,1200,3,03.05.2026,0,auction,carie_auktion_side_20260502_184016.csv,2026-05-02 18:40:16,2026-05-02
TI 111457,200,,,,N/A,,fixed_price,carie_auktion_side_20260502_184016.csv,2026-05-02 18:40:16,2026-05-02
TI 115,,,21500,7,10.05.2026,0,auction,carie_auktion_side_20260502_184016.csv,2026-05-02 18:40:16,2026-05-02
TI 209333,200,,,,N/A,,fixed_price,carie_auktion_side_20260502_184016.csv,2026-05-02 18:40:16,2026-05-02
TI 25725,,,800,2,03.05.2026,0,auction,carie_auktion_side_20260502_184016.csv,2026-05-02 18:40:16,2026-05-02
TI 273732,,,600,0,10.05.2026,0,auction,carie_auktion_side_20260502_184016.csv,2026-05-02 18:40:16,2026-05-02
TI 35940,450,,,,N/A,,fixed_price,carie_auktion_side_20260502_184016.csv,2026-05-02 18:40:16,2026-05-02
TI 46914,450,,,,N/A,,fixed_price,carie_auktion_side_20260502_184016.csv,2026-05-02 18:40:16,2026-05-02
TI 47896,400,,,,N/A,,fixed_price,carie_auktion_side_20260502_184016.csv,2026-05-02 18:40:16,2026-05-02
TI 62518,350,,,,N/A,,fixed_price,carie_auktion_side_20260502_184016.csv,2026-05-02 18:40:16,2026-05-02
TI 65719,350,,,,N/A,,fixed_price,carie_auktion_side_20260502_184016.csv,2026-05-02 18:40:16,2026-05-02
TI 74851,300,,,,N/A,,fixed_price,carie_auktion_side_20260502_184016.csv,2026-05-02 18:40:16,2026-05-02
TI 92719,350,,,,N/A,,fixed_price,carie_auktion_side_20260502_184016.csv,2026-05-02 18:40:16,2026-05-02
TI 98674,300,,,,N/A,,fixed_price,carie_auktion_side_20260502_184016.csv,2026-05-02 18:40:16,2026-05-02
TI 111457,200,,,,N/A,,fixed_price,carie_auktion_side_20260503_184036.csv,2026-05-03 18:40:36,2026-05-03
TI 115,,,21500,7,10.05.2026,0,auction,carie_auktion_side_20260503_184036.csv,2026-05-03 18:40:36,2026-05-03
TI 209333,200,,,,N/A,,fixed_price,carie_auktion_side_20260503_184036.csv,2026-05-03 18:40:36,2026-05-03
TI 273732,,,600,0,10.05.2026,0,auction,carie_auktion_side_20260503_184036.csv,2026-05-03 18:40:36,2026-05-03
TI 35940,450,,,,N/A,,fixed_price,carie_auktion_side_20260503_184036.csv,2026-05-03 18:40:36,2026-05-03
TI 46914,450,,,,N/A,,fixed_price,carie_auktion_side_20260503_184036.csv,2026-05-03 18:40:36,2026-05-03
TI 47896,400,,,,N/A,,fixed_price,carie_auktion_side_20260503_184036.csv,2026-05-03 18:40:36,2026-05-03
TI 65719,350,,,,N/A,,fixed_price,carie_auktion_side_20260503_184036.csv,2026-05-03 18:40:36,2026-05-03
TI 74851,300,,,,N/A,,fixed_price,carie_auktion_side_20260503_184036.csv,2026-05-03 18:40:36,2026-05-03
TI 92719,350,,,,N/A,,fixed_price,carie_auktion_side_20260503_184036.csv,2026-05-03 18:40:36,2026-05-03
TI 98674,300,,,,N/A,,fixed_price,carie_auktion_side_20260503_184036.csv,2026-05-03 18:40:36,2026-05-03
TI 10243,,,800,1,13.05.2026,0,auction,carie_auktion_side_20260504_191011.csv,2026-05-04 19:10:11,2026-05-04
TI 10638,,,800,1,13.05.2026,0,auction,carie_auktion_side_20260504_191011.csv,2026-05-04 19:10:11,2026-05-04
TI 115,,,22000,8,10.05.2026,0,auction,carie_auktion_side_20260504_191011.csv,2026-05-04 19:10:11,2026-05-04
TI 209333,200,,,,N/A,,fixed_price,carie_auktion_side_20260504_191011.csv,2026-05-04 19:10:11,2026-05-04
TI 22990,,,800,1,13.05.2026,0,auction,carie_auktion_side_20260504_191011.csv,2026-05-04 19:10:11,2026-05-04
TI 273732,,,600,0,10.05.2026,0,auction,carie_auktion_side_20260504_191011.csv,2026-05-04 19:10:11,2026-05-04
TI 35940,450,,,,N/A,,fixed_price,carie_auktion_side_20260504_191011.csv,2026-05-04 19:10:11,2026-05-04
TI 46914,450,,,,N/A,,fixed_price,carie_auktion_side_20260504_191011.csv,2026-05-04 19:10:11,2026-05-04
TI 47896,400,,,,N/A,,fixed_price,carie_auktion_side_20260504_191011.csv,2026-05-04 19:10:11,2026-05-04
TI 65719,350,,,,N/A,,fixed_price,carie_auktion_side_20260504_191011.csv,2026-05-04 19:10:11,2026-05-04
TI 74851,300,,,,N/A,,fixed_price,carie_auktion_side_20260504_191011.csv,2026-05-04 19:10:11,2026-05-04
TI 92719,350,,,,N/A,,fixed_price,carie_auktion_side_20260504_191011.csv,2026-05-04 19:10:11,2026-05-04
TI 98674,300,,,,N/A,,fixed_price,carie_auktion_side_20260504_191011.csv,2026-05-04 19:10:11,2026-05-04
TI 10243,,,800,1,13.05.2026,0,auction,carie_auktion_side_20260505_190212.csv,2026-05-05 19:02:12,2026-05-05
TI 10638,,,800,1,13.05.2026,0,auction,carie_auktion_side_20260505_190212.csv,2026-05-05 19:02:12,2026-05-05
TI 115,,,22000,8,10.05.2026,0,auction,carie_auktion_side_20260505_190212.csv,2026-05-05 19:02:12,2026-05-05
TI 209333,200,,,,N/A,,fixed_price,carie_auktion_side_20260505_190212.csv,2026-05-05 19:02:12,2026-05-05
TI 22990,,,800,1,13.05.2026,0,auction,carie_auktion_side_20260505_190212.csv,2026-05-05 19:02:12,2026-05-05
TI 273732,,,600,0,10.05.2026,0,auction,carie_auktion_side_20260505_190212.csv,2026-05-05 19:02:12,2026-05-05
TI 46914,450,,,,N/A,,fixed_price,carie_auktion_side_20260505_190212.csv,2026-05-05 19:02:12,2026-05-05
TI 47896,400,,,,N/A,,fixed_price,carie_auktion_side_20260505_190212.csv,2026-05-05 19:02:12,2026-05-05
TI 65719,350,,,,N/A,,fixed_price,carie_auktion_side_20260505_190212.csv,2026-05-05 19:02:12,2026-05-05
TI 74851,300,,,,N/A,,fixed_price,carie_auktion_side_20260505_190212.csv,2026-05-05 19:02:12,2026-05-05
TI 92719,350,,,,N/A,,fixed_price,carie_auktion_side_20260505_190212.csv,2026-05-05 19:02:12,2026-05-05
TI 98674,300,,,,N/A,,fixed_price,carie_auktion_side_20260505_190212.csv,2026-05-05 19:02:12,2026-05-05
TI 10243,,,800,1,13.05.2026,0,auction,carie_auktion_side_20260506_191750.csv,2026-05-06 19:17:50,2026-05-06
TI 10638,,,800,1,13.05.2026,0,auction,carie_auktion_side_20260506_191750.csv,2026-05-06 19:17:50,2026-05-06
TI 115,,,22000,8,10.05.2026,0,auction,carie_auktion_side_20260506_191750.csv,2026-05-06 19:17:50,2026-05-06
TI 22990,,,800,1,13.05.2026,0,auction,carie_auktion_side_20260506_191750.csv,2026-05-06 19:17:50,2026-05-06
TI 273732,,,600,0,10.05.2026,0,auction,carie_auktion_side_20260506_191750.csv,2026-05-06 19:17:50,2026-05-06
TI 46914,450,,,,N/A,,fixed_price,carie_auktion_side_20260506_191750.csv,2026-05-06 19:17:50,2026-05-06
TI 47896,400,,,,N/A,,fixed_price,carie_auktion_side_20260506_191750.csv,2026-05-06 19:17:50,2026-05-06
TI 65719,350,,,,N/A,,fixed_price,carie_auktion_side_20260506_191750.csv,2026-05-06 19:17:50,2026-05-06
TI 74851,300,,,,N/A,,fixed_price,carie_auktion_side_20260506_191750.csv,2026-05-06 19:17:50,2026-05-06
TI 92719,350,,,,N/A,,fixed_price,carie_auktion_side_20260506_191750.csv,2026-05-06 19:17:50,2026-05-06
TI 98674,300,,,,N/A,,fixed_price,carie_auktion_side_20260506_191750.csv,2026-05-06 19:17:50,2026-05-06
TI 10243,,,800,1,13.05.2026,0,auction,carie_auktion_side_20260507_192241.csv,2026-05-07 19:22:41,2026-05-07
TI 10638,,,900,2,13.05.2026,0,auction,carie_auktion_side_20260507_192241.csv,2026-05-07 19:22:41,2026-05-07
TI 115,,,23000,10,10.05.2026,0,auction,carie_auktion_side_20260507_192241.csv,2026-05-07 19:22:41,2026-05-07
TI 22990,,,800,1,13.05.2026,0,auction,carie_auktion_side_20260507_192241.csv,2026-05-07 19:22:41,2026-05-07
TI 273732,,,600,0,10.05.2026,0,auction,carie_auktion_side_20260507_192241.csv,2026-05-07 19:22:41,2026-05-07
TI 46914,450,,,,N/A,,fixed_price,carie_auktion_side_20260507_192241.csv,2026-05-07 19:22:41,2026-05-07
TI 47896,400,,,,N/A,,fixed_price,carie_auktion_side_20260507_192241.csv,2026-05-07 19:22:41,2026-05-07
TI 65719,350,,,,N/A,,fixed_price,carie_auktion_side_20260507_192241.csv,2026-05-07 19:22:41,2026-05-07
TI 74851,300,,,,N/A,,fixed_price,carie_auktion_side_20260507_192241.csv,2026-05-07 19:22:41,2026-05-07
TI 92719,350,,,,N/A,,fixed_price,carie_auktion_side_20260507_192241.csv,2026-05-07 19:22:41,2026-05-07
TI 98674,300,,,,N/A,,fixed_price,carie_auktion_side_20260507_192241.csv,2026-05-07 19:22:41,2026-05-07
TI 10243,,,800,1,13.05.2026,0,auction,carie_auktion_side_20260508_190125.csv,2026-05-08 19:01:25,2026-05-08
TI 10638,,,900,2,13.05.2026,0,auction,carie_auktion_side_20260508_190125.csv,2026-05-08 19:01:25,2026-05-08
TI 111856,200,,,,N/A,,fixed_price,carie_auktion_side_20260508_190125.csv,2026-05-08 19:01:25,2026-05-08
TI 115,,,24000,11,10.05.2026,0,auction,carie_auktion_side_20260508_190125.csv,2026-05-08 19:01:25,2026-05-08
TI 136555,200,,,,N/A,,fixed_price,carie_auktion_side_20260508_190125.csv,2026-05-08 19:01:25,2026-05-08
TI 20671,550,,,,N/A,,fixed_price,carie_auktion_side_20260508_190125.csv,2026-05-08 19:01:25,2026-05-08
TI 216777,200,,,,N/A,,fixed_price,carie_auktion_side_20260508_190125.csv,2026-05-08 19:01:25,2026-05-08
TI 22990,,,950,3,13.05.2026,0,auction,carie_auktion_side_20260508_190125.csv,2026-05-08 19:01:25,2026-05-08
TI 273732,,,600,0,10.05.2026,0,auction,carie_auktion_side_20260508_190125.csv,2026-05-08 19:01:25,2026-05-08
TI 32468,450,,,,N/A,,fixed_price,carie_auktion_side_20260508_190125.csv,2026-05-08 19:01:25,2026-05-08
TI 37250,450,,,,N/A,,fixed_price,carie_auktion_side_20260508_190125.csv,2026-05-08 19:01:25,2026-05-08
TI 46914,450,,,,N/A,,fixed_price,carie_auktion_side_20260508_190125.csv,2026-05-08 19:01:25,2026-05-08
TI 47896,400,,,,N/A,,fixed_price,carie_auktion_side_20260508_190125.csv,2026-05-08 19:01:25,2026-05-08
TI 50936,350,,,,N/A,,fixed_price,carie_auktion_side_20260508_190125.csv,2026-05-08 19:01:25,2026-05-08
TI 55471,400,,,,N/A,,fixed_price,carie_auktion_side_20260508_190125.csv,2026-05-08 19:01:25,2026-05-08
TI 63846,400,,,,N/A,,fixed_price,carie_auktion_side_20260508_190125.csv,2026-05-08 19:01:25,2026-05-08
TI 65391,350,,,,N/A,,fixed_price,carie_auktion_side_20260508_190125.csv,2026-05-08 19:01:25,2026-05-08
TI 70932,300,,,,N/A,,fixed_price,carie_auktion_side_20260508_190125.csv,2026-05-08 19:01:25,2026-05-08
TI 79801,300,,,,N/A,,fixed_price,carie_auktion_side_20260508_190125.csv,2026-05-08 19:01:25,2026-05-08
TI 92719,350,,,,N/A,,fixed_price,carie_auktion_side_20260508_190125.csv,2026-05-08 19:01:25,2026-05-08
TI 10243,,,800,1,13.05.2026,0,auction,carie_auktion_side_20260509_184118.csv,2026-05-09 18:41:18,2026-05-09
TI 10638,,,900,2,13.05.2026,0,auction,carie_auktion_side_20260509_184118.csv,2026-05-09 18:41:18,2026-05-09
TI 111856,200,,,,N/A,,fixed_price,carie_auktion_side_20260509_184118.csv,2026-05-09 18:41:18,2026-05-09
TI 115,,,24100,12,10.05.2026,0,auction,carie_auktion_side_20260509_184118.csv,2026-05-09 18:41:18,2026-05-09
TI 136555,200,,,,N/A,,fixed_price,carie_auktion_side_20260509_184118.csv,2026-05-09 18:41:18,2026-05-09
TI 20671,550,,,,N/A,,fixed_price,carie_auktion_side_20260509_184118.csv,2026-05-09 18:41:18,2026-05-09
TI 216777,200,,,,N/A,,fixed_price,carie_auktion_side_20260509_184118.csv,2026-05-09 18:41:18,2026-05-09
TI 22990,,,950,3,13.05.2026,0,auction,carie_auktion_side_20260509_184118.csv,2026-05-09 18:41:18,2026-05-09
TI 273732,,,600,0,10.05.2026,0,auction,carie_auktion_side_20260509_184118.csv,2026-05-09 18:41:18,2026-05-09
TI 32468,450,,,,N/A,,fixed_price,carie_auktion_side_20260509_184118.csv,2026-05-09 18:41:18,2026-05-09
TI 37250,450,,,,N/A,,fixed_price,carie_auktion_side_20260509_184118.csv,2026-05-09 18:41:18,2026-05-09
TI 46914,450,,,,N/A,,fixed_price,carie_auktion_side_20260509_184118.csv,2026-05-09 18:41:18,2026-05-09
TI 47896,400,,,,N/A,,fixed_price,carie_auktion_side_20260509_184118.csv,2026-05-09 18:41:18,2026-05-09
TI 50936,350,,,,N/A,,fixed_price,carie_auktion_side_20260509_184118.csv,2026-05-09 18:41:18,2026-05-09
TI 55471,400,,,,N/A,,fixed_price,carie_auktion_side_20260509_184118.csv,2026-05-09 18:41:18,2026-05-09
TI 63846,400,,,,N/A,,fixed_price,carie_auktion_side_20260509_184118.csv,2026-05-09 18:41:18,2026-05-09
TI 65391,350,,,,N/A,,fixed_price,carie_auktion_side_20260509_184118.csv,2026-05-09 18:41:18,2026-05-09
TI 70932,300,,,,N/A,,fixed_price,carie_auktion_side_20260509_184118.csv,2026-05-09 18:41:18,2026-05-09
TI 79801,300,,,,N/A,,fixed_price,carie_auktion_side_20260509_184118.csv,2026-05-09 18:41:18,2026-05-09
TI 92719,350,,,,N/A,,fixed_price,carie_auktion_side_20260509_184118.csv,2026-05-09 18:41:18,2026-05-09
TI 10243,,,800,1,13.05.2026,0,auction,carie_auktion_side_20260510_184254.csv,2026-05-10 18:42:54,2026-05-10
TI 10638,,,900,2,13.05.2026,0,auction,carie_auktion_side_20260510_184254.csv,2026-05-10 18:42:54,2026-05-10
TI 111856,200,,,,N/A,,fixed_price,carie_auktion_side_20260510_184254.csv,2026-05-10 18:42:54,2026-05-10
TI 136555,200,,,,N/A,,fixed_price,carie_auktion_side_20260510_184254.csv,2026-05-10 18:42:54,2026-05-10
TI 20671,550,,,,N/A,,fixed_price,carie_auktion_side_20260510_184254.csv,2026-05-10 18:42:54,2026-05-10
TI 22990,,,1200,5,13.05.2026,0,auction,carie_auktion_side_20260510_184254.csv,2026-05-10 18:42:54,2026-05-10
TI 32468,450,,,,N/A,,fixed_price,carie_auktion_side_20260510_184254.csv,2026-05-10 18:42:54,2026-05-10
TI 37250,450,,,,N/A,,fixed_price,carie_auktion_side_20260510_184254.csv,2026-05-10 18:42:54,2026-05-10
TI 46914,450,,,,N/A,,fixed_price,carie_auktion_side_20260510_184254.csv,2026-05-10 18:42:54,2026-05-10
TI 47896,400,,,,N/A,,fixed_price,carie_auktion_side_20260510_184254.csv,2026-05-10 18:42:54,2026-05-10
TI 50936,350,,,,N/A,,fixed_price,carie_auktion_side_20260510_184254.csv,2026-05-10 18:42:54,2026-05-10
TI 55471,400,,,,N/A,,fixed_price,carie_auktion_side_20260510_184254.csv,2026-05-10 18:42:54,2026-05-10
TI 63846,400,,,,N/A,,fixed_price,carie_auktion_side_20260510_184254.csv,2026-05-10 18:42:54,2026-05-10
TI 65391,350,,,,N/A,,fixed_price,carie_auktion_side_20260510_184254.csv,2026-05-10 18:42:54,2026-05-10
TI 70932,300,,,,N/A,,fixed_price,carie_auktion_side_20260510_184254.csv,2026-05-10 18:42:54,2026-05-10
TI 79801,300,,,,N/A,,fixed_price,carie_auktion_side_20260510_184254.csv,2026-05-10 18:42:54,2026-05-10
TI 92719,350,,,,N/A,,fixed_price,carie_auktion_side_20260510_184254.csv,2026-05-10 18:42:54,2026-05-10
TI 10243,,,900,3,13.05.2026,0,auction,carie_auktion_side_20260511_192439.csv,2026-05-11 19:24:39,2026-05-11
TI 10638,,,900,2,13.05.2026,0,auction,carie_auktion_side_20260511_192439.csv,2026-05-11 19:24:39,2026-05-11
TI 111856,200,,,,N/A,,fixed_price,carie_auktion_side_20260511_192439.csv,2026-05-11 19:24:39,2026-05-11
TI 136555,200,,,,N/A,,fixed_price,carie_auktion_side_20260511_192439.csv,2026-05-11 19:24:39,2026-05-11
TI 20671,550,,,,N/A,,fixed_price,carie_auktion_side_20260511_192439.csv,2026-05-11 19:24:39,2026-05-11
TI 22990,,,3500,14,13.05.2026,0,auction,carie_auktion_side_20260511_192439.csv,2026-05-11 19:24:39,2026-05-11
TI 32468,450,,,,N/A,,fixed_price,carie_auktion_side_20260511_192439.csv,2026-05-11 19:24:39,2026-05-11
TI 336611,,,600,0,20.05.2026,0,auction,carie_auktion_side_20260511_192439.csv,2026-05-11 19:24:39,2026-05-11
TI 342,,,20000,5,20.05.2026,0,auction,carie_auktion_side_20260511_192439.csv,2026-05-11 19:24:39,2026-05-11
TI 37250,450,,,,N/A,,fixed_price,carie_auktion_side_20260511_192439.csv,2026-05-11 19:24:39,2026-05-11
TI 46914,450,,,,N/A,,fixed_price,carie_auktion_side_20260511_192439.csv,2026-05-11 19:24:39,2026-05-11
TI 47896,400,,,,N/A,,fixed_price,carie_auktion_side_20260511_192439.csv,2026-05-11 19:24:39,2026-05-11
TI 50936,350,,,,N/A,,fixed_price,carie_auktion_side_20260511_192439.csv,2026-05-11 19:24:39,2026-05-11
TI 55471,400,,,,N/A,,fixed_price,carie_auktion_side_20260511_192439.csv,2026-05-11 19:24:39,2026-05-11
TI 63846,400,,,,N/A,,fixed_price,carie_auktion_side_20260511_192439.csv,2026-05-11 19:24:39,2026-05-11
TI 65391,350,,,,N/A,,fixed_price,carie_auktion_side_20260511_192439.csv,2026-05-11 19:24:39,2026-05-11
TI 70932,300,,,,N/A,,fixed_price,carie_auktion_side_20260511_192439.csv,2026-05-11 19:24:39,2026-05-11
TI 79801,300,,,,N/A,,fixed_price,carie_auktion_side_20260511_192439.csv,2026-05-11 19:24:39,2026-05-11
TI 92719,350,,,,N/A,,fixed_price,carie_auktion_side_20260511_192439.csv,2026-05-11 19:24:39,2026-05-11
TI 10243,,,900,3,13.05.2026,0,auction,carie_auktion_side_20260512_192525.csv,2026-05-12 19:25:25,2026-05-12
TI 10638,,,900,2,13.05.2026,0,auction,carie_auktion_side_20260512_192525.csv,2026-05-12 19:25:25,2026-05-12
TI 136555,200,,,,N/A,,fixed_price,carie_auktion_side_20260512_192525.csv,2026-05-12 19:25:25,2026-05-12
TI 20671,550,,,,N/A,,fixed_price,carie_auktion_side_20260512_192525.csv,2026-05-12 19:25:25,2026-05-12
TI 22990,,,3600,15,13.05.2026,0,auction,carie_auktion_side_20260512_192525.csv,2026-05-12 19:25:25,2026-05-12
TI 336611,,,650,1,20.05.2026,0,auction,carie_auktion_side_20260512_192525.csv,2026-05-12 19:25:25,2026-05-12
TI 342,,,20000,5,20.05.2026,0,auction,carie_auktion_side_20260512_192525.csv,2026-05-12 19:25:25,2026-05-12
TI 46914,450,,,,N/A,,fixed_price,carie_auktion_side_20260512_192525.csv,2026-05-12 19:25:25,2026-05-12
TI 47896,400,,,,N/A,,fixed_price,carie_auktion_side_20260512_192525.csv,2026-05-12 19:25:25,2026-05-12
TI 50936,350,,,,N/A,,fixed_price,carie_auktion_side_20260512_192525.csv,2026-05-12 19:25:25,2026-05-12
TI 55471,400,,,,N/A,,fixed_price,carie_auktion_side_20260512_192525.csv,2026-05-12 19:25:25,2026-05-12
TI 63846,400,,,,N/A,,fixed_price,carie_auktion_side_20260512_192525.csv,2026-05-12 19:25:25,2026-05-12
TI 65391,350,,,,N/A,,fixed_price,carie_auktion_side_20260512_192525.csv,2026-05-12 19:25:25,2026-05-12
TI 70932,300,,,,N/A,,fixed_price,carie_auktion_side_20260512_192525.csv,2026-05-12 19:25:25,2026-05-12
TI 79801,300,,,,N/A,,fixed_price,carie_auktion_side_20260512_192525.csv,2026-05-12 19:25:25,2026-05-12
TI 92719,350,,,,N/A,,fixed_price,carie_auktion_side_20260512_192525.csv,2026-05-12 19:25:25,2026-05-12
TI 136555,200,,,,N/A,,fixed_price,carie_auktion_side_20260513_192757.csv,2026-05-13 19:27:57,2026-05-13
TI 20671,550,,,,N/A,,fixed_price,carie_auktion_side_20260513_192757.csv,2026-05-13 19:27:57,2026-05-13
TI 336611,,,650,1,20.05.2026,0,auction,carie_auktion_side_20260513_192757.csv,2026-05-13 19:27:57,2026-05-13
TI 342,,,20000,5,20.05.2026,0,auction,carie_auktion_side_20260513_192757.csv,2026-05-13 19:27:57,2026-05-13
TI 46914,450,,,,N/A,,fixed_price,carie_auktion_side_20260513_192757.csv,2026-05-13 19:27:57,2026-05-13
TI 47896,400,,,,N/A,,fixed_price,carie_auktion_side_20260513_192757.csv,2026-05-13 19:27:57,2026-05-13
TI 50936,350,,,,N/A,,fixed_price,carie_auktion_side_20260513_192757.csv,2026-05-13 19:27:57,2026-05-13
TI 58585,,,850,1,24.05.2026,0,auction,carie_auktion_side_20260513_192757.csv,2026-05-13 19:27:57,2026-05-13
TI 63846,400,,,,N/A,,fixed_price,carie_auktion_side_20260513_192757.csv,2026-05-13 19:27:57,2026-05-13
TI 65391,350,,,,N/A,,fixed_price,carie_auktion_side_20260513_192757.csv,2026-05-13 19:27:57,2026-05-13
TI 6880,,,2100,2,24.05.2026,0,auction,carie_auktion_side_20260513_192757.csv,2026-05-13 19:27:57,2026-05-13
TI 70932,300,,,,N/A,,fixed_price,carie_auktion_side_20260513_192757.csv,2026-05-13 19:27:57,2026-05-13
TI 79801,300,,,,N/A,,fixed_price,carie_auktion_side_20260513_192757.csv,2026-05-13 19:27:57,2026-05-13
TI 92719,350,,,,N/A,,fixed_price,carie_auktion_side_20260513_192757.csv,2026-05-13 19:27:57,2026-05-13
TI 136555,200,,,,N/A,,fixed_price,carie_auktion_side_20260514_192535.csv,2026-05-14 19:25:35,2026-05-14
TI 336611,,,700,2,20.05.2026,0,auction,carie_auktion_side_20260514_192535.csv,2026-05-14 19:25:35,2026-05-14
TI 342,,,20000,5,20.05.2026,0,auction,carie_auktion_side_20260514_192535.csv,2026-05-14 19:25:35,2026-05-14
TI 46914,450,,,,N/A,,fixed_price,carie_auktion_side_20260514_192535.csv,2026-05-14 19:25:35,2026-05-14
TI 47896,400,,,,N/A,,fixed_price,carie_auktion_side_20260514_192535.csv,2026-05-14 19:25:35,2026-05-14
TI 50936,350,,,,N/A,,fixed_price,carie_auktion_side_20260514_192535.csv,2026-05-14 19:25:35,2026-05-14
TI 58585,,,1600,6,24.05.2026,0,auction,carie_auktion_side_20260514_192535.csv,2026-05-14 19:25:35,2026-05-14
TI 63846,400,,,,N/A,,fixed_price,carie_auktion_side_20260514_192535.csv,2026-05-14 19:25:35,2026-05-14
TI 65391,350,,,,N/A,,fixed_price,carie_auktion_side_20260514_192535.csv,2026-05-14 19:25:35,2026-05-14
TI 6880,,,7100,11,24.05.2026,0,auction,carie_auktion_side_20260514_192535.csv,2026-05-14 19:25:35,2026-05-14
TI 70932,300,,,,N/A,,fixed_price,carie_auktion_side_20260514_192535.csv,2026-05-14 19:25:35,2026-05-14
TI 92719,350,,,,N/A,,fixed_price,carie_auktion_side_20260514_192535.csv,2026-05-14 19:25:35,2026-05-14
TI 136555,200,,,,N/A,,fixed_price,carie_auktion_side_20260515_191304.csv,2026-05-15 19:13:04,2026-05-15
TI 336611,,,700,2,20.05.2026,0,auction,carie_auktion_side_20260515_191304.csv,2026-05-15 19:13:04,2026-05-15
TI 342,,,20000,5,20.05.2026,0,auction,carie_auktion_side_20260515_191304.csv,2026-05-15 19:13:04,2026-05-15
TI 46914,450,,,,N/A,,fixed_price,carie_auktion_side_20260515_191304.csv,2026-05-15 19:13:04,2026-05-15
TI 47896,400,,,,N/A,,fixed_price,carie_auktion_side_20260515_191304.csv,2026-05-15 19:13:04,2026-05-15
TI 58585,,,1600,6,24.05.2026,0,auction,carie_auktion_side_20260515_191304.csv,2026-05-15 19:13:04,2026-05-15
TI 63846,400,,,,N/A,,fixed_price,carie_auktion_side_20260515_191304.csv,2026-05-15 19:13:04,2026-05-15
TI 65391,350,,,,N/A,,fixed_price,carie_auktion_side_20260515_191304.csv,2026-05-15 19:13:04,2026-05-15
TI 6880,,,7100,11,24.05.2026,0,auction,carie_auktion_side_20260515_191304.csv,2026-05-15 19:13:04,2026-05-15
TI 136555,200,,,,N/A,,fixed_price,carie_auktion_side_20260516_184508.csv,2026-05-16 18:45:08,2026-05-16
TI 336611,,,700,2,20.05.2026,0,auction,carie_auktion_side_20260516_184508.csv,2026-05-16 18:45:08,2026-05-16
TI 342,,,20000,5,20.05.2026,0,auction,carie_auktion_side_20260516_184508.csv,2026-05-16 18:45:08,2026-05-16
TI 46914,450,,,,N/A,,fixed_price,carie_auktion_side_20260516_184508.csv,2026-05-16 18:45:08,2026-05-16
TI 47896,400,,,,N/A,,fixed_price,carie_auktion_side_20260516_184508.csv,2026-05-16 18:45:08,2026-05-16
TI 58585,,,1650,7,24.05.2026,0,auction,carie_auktion_side_20260516_184508.csv,2026-05-16 18:45:08,2026-05-16
TI 63846,400,,,,N/A,,fixed_price,carie_auktion_side_20260516_184508.csv,2026-05-16 18:45:08,2026-05-16
TI 65391,350,,,,N/A,,fixed_price,carie_auktion_side_20260516_184508.csv,2026-05-16 18:45:08,2026-05-16
TI 6880,,,7100,11,24.05.2026,0,auction,carie_auktion_side_20260516_184508.csv,2026-05-16 18:45:08,2026-05-16
TI 136555,200,,,,N/A,,fixed_price,carie_auktion_side_20260517_185043.csv,2026-05-17 18:50:43,2026-05-17
TI 336611,,,700,2,20.05.2026,0,auction,carie_auktion_side_20260517_185043.csv,2026-05-17 18:50:43,2026-05-17
TI 342,,,20000,5,20.05.2026,0,auction,carie_auktion_side_20260517_185043.csv,2026-05-17 18:50:43,2026-05-17
TI 46914,450,,,,N/A,,fixed_price,carie_auktion_side_20260517_185043.csv,2026-05-17 18:50:43,2026-05-17
TI 47896,400,,,,N/A,,fixed_price,carie_auktion_side_20260517_185043.csv,2026-05-17 18:50:43,2026-05-17
TI 58585,,,1700,8,24.05.2026,0,auction,carie_auktion_side_20260517_185043.csv,2026-05-17 18:50:43,2026-05-17
TI 63846,400,,,,N/A,,fixed_price,carie_auktion_side_20260517_185043.csv,2026-05-17 18:50:43,2026-05-17
TI 65391,350,,,,N/A,,fixed_price,carie_auktion_side_20260517_185043.csv,2026-05-17 18:50:43,2026-05-17
TI 6880,,,7100,11,24.05.2026,0,auction,carie_auktion_side_20260517_185043.csv,2026-05-17 18:50:43,2026-05-17
TI 136555,200,,,,N/A,,fixed_price,carie_auktion_side_20260518_192057.csv,2026-05-18 19:20:57,2026-05-18
TI 336611,,,700,2,20.05.2026,0,auction,carie_auktion_side_20260518_192057.csv,2026-05-18 19:20:57,2026-05-18
TI 342,,,20000,5,20.05.2026,0,auction,carie_auktion_side_20260518_192057.csv,2026-05-18 19:20:57,2026-05-18
TI 46914,450,,,,N/A,,fixed_price,carie_auktion_side_20260518_192057.csv,2026-05-18 19:20:57,2026-05-18
TI 47896,400,,,,N/A,,fixed_price,carie_auktion_side_20260518_192057.csv,2026-05-18 19:20:57,2026-05-18
TI 58585,,,1700,8,24.05.2026,0,auction,carie_auktion_side_20260518_192057.csv,2026-05-18 19:20:57,2026-05-18
TI 63846,400,,,,N/A,,fixed_price,carie_auktion_side_20260518_192057.csv,2026-05-18 19:20:57,2026-05-18
TI 65391,350,,,,N/A,,fixed_price,carie_auktion_side_20260518_192057.csv,2026-05-18 19:20:57,2026-05-18
TI 6880,,,7100,11,24.05.2026,0,auction,carie_auktion_side_20260518_192057.csv,2026-05-18 19:20:57,2026-05-18
TI 136555,200,,,,N/A,,fixed_price,carie_auktion_side_20260519_194101.csv,2026-05-19 19:41:01,2026-05-19
TI 336611,,,700,2,20.05.2026,0,auction,carie_auktion_side_20260519_194101.csv,2026-05-19 19:41:01,2026-05-19
TI 342,,,20000,5,20.05.2026,0,auction,carie_auktion_side_20260519_194101.csv,2026-05-19 19:41:01,2026-05-19
TI 46914,450,,,,N/A,,fixed_price,carie_auktion_side_20260519_194101.csv,2026-05-19 19:41:01,2026-05-19
TI 47896,400,,,,N/A,,fixed_price,carie_auktion_side_20260519_194101.csv,2026-05-19 19:41:01,2026-05-19
TI 58585,,,1700,8,24.05.2026,0,auction,carie_auktion_side_20260519_194101.csv,2026-05-19 19:41:01,2026-05-19
TI 63846,400,,,,N/A,,fixed_price,carie_auktion_side_20260519_194101.csv,2026-05-19 19:41:01,2026-05-19
TI 65391,350,,,,N/A,,fixed_price,carie_auktion_side_20260519_194101.csv,2026-05-19 19:41:01,2026-05-19
TI 6880,,,7100,11,24.05.2026,0,auction,carie_auktion_side_20260519_194101.csv,2026-05-19 19:41:01,2026-05-19
TI 136555,200,,,,N/A,,fixed_price,carie_auktion_side_20260520_195936.csv,2026-05-20 19:59:36,2026-05-20
TI 267777,,,600,0,31.05.2026,0,auction,carie_auktion_side_20260520_195936.csv,2026-05-20 19:59:36,2026-05-20
TI 46914,450,,,,N/A,,fixed_price,carie_auktion_side_20260520_195936.csv,2026-05-20 19:59:36,2026-05-20
TI 47896,400,,,,N/A,,fixed_price,carie_auktion_side_20260520_195936.csv,2026-05-20 19:59:36,2026-05-20
TI 58585,,,1700,8,24.05.2026,0,auction,carie_auktion_side_20260520_195936.csv,2026-05-20 19:59:36,2026-05-20
TI 63846,400,,,,N/A,,fixed_price,carie_auktion_side_20260520_195936.csv,2026-05-20 19:59:36,2026-05-20
TI 65391,350,,,,N/A,,fixed_price,carie_auktion_side_20260520_195936.csv,2026-05-20 19:59:36,2026-05-20
TI 6880,,,8000,12,24.05.2026,0,auction,carie_auktion_side_20260520_195936.csv,2026-05-20 19:59:36,2026-05-20
TI 836,,,6500,1,31.05.2026,0,auction,carie_auktion_side_20260520_195936.csv,2026-05-20 19:59:36,2026-05-20
TI 267777,,,650,2,31.05.2026,0,auction,carie_auktion_side_20260521_194034.csv,2026-05-21 19:40:34,2026-05-21
TI 46914,450,,,,N/A,,fixed_price,carie_auktion_side_20260521_194034.csv,2026-05-21 19:40:34,2026-05-21
TI 47896,400,,,,N/A,,fixed_price,carie_auktion_side_20260521_194034.csv,2026-05-21 19:40:34,2026-05-21
TI 58585,,,1700,8,24.05.2026,0,auction,carie_auktion_side_20260521_194034.csv,2026-05-21 19:40:34,2026-05-21
TI 63846,400,,,,N/A,,fixed_price,carie_auktion_side_20260521_194034.csv,2026-05-21 19:40:34,2026-05-21
TI 65391,350,,,,N/A,,fixed_price,carie_auktion_side_20260521_194034.csv,2026-05-21 19:40:34,2026-05-21
TI 6880,,,8000,12,24.05.2026,0,auction,carie_auktion_side_20260521_194034.csv,2026-05-21 19:40:34,2026-05-21
TI 836,,,10000,4,31.05.2026,0,auction,carie_auktion_side_20260521_194034.csv,2026-05-21 19:40:34,2026-05-21
TI 141999,250,,,,N/A,,fixed_price,carie_auktion_side_20260522_192015.csv,2026-05-22 19:20:15,2026-05-22
TI 20173,550,,,,N/A,,fixed_price,carie_auktion_side_20260522_192015.csv,2026-05-22 19:20:15,2026-05-22
TI 241666,200,,,,N/A,,fixed_price,carie_auktion_side_20260522_192015.csv,2026-05-22 19:20:15,2026-05-22
TI 267777,,,650,2,31.05.2026,0,auction,carie_auktion_side_20260522_192015.csv,2026-05-22 19:20:15,2026-05-22
TI 28791,550,,,,N/A,,fixed_price,carie_auktion_side_20260522_192015.csv,2026-05-22 19:20:15,2026-05-22
TI 39487,450,,,,N/A,,fixed_price,carie_auktion_side_20260522_192015.csv,2026-05-22 19:20:15,2026-05-22
TI 46914,450,,,,N/A,,fixed_price,carie_auktion_side_20260522_192015.csv,2026-05-22 19:20:15,2026-05-22
TI 47896,400,,,,N/A,,fixed_price,carie_auktion_side_20260522_192015.csv,2026-05-22 19:20:15,2026-05-22
TI 51809,350,,,,N/A,,fixed_price,carie_auktion_side_20260522_192015.csv,2026-05-22 19:20:15,2026-05-22
TI 58585,,,1700,8,24.05.2026,0,auction,carie_auktion_side_20260522_192015.csv,2026-05-22 19:20:15,2026-05-22
TI 59086,350,,,,N/A,,fixed_price,carie_auktion_side_20260522_192015.csv,2026-05-22 19:20:15,2026-05-22
TI 63846,400,,,,N/A,,fixed_price,carie_auktion_side_20260522_192015.csv,2026-05-22 19:20:15,2026-05-22
TI 65391,350,,,,N/A,,fixed_price,carie_auktion_side_20260522_192015.csv,2026-05-22 19:20:15,2026-05-22
TI 6880,,,8000,12,24.05.2026,0,auction,carie_auktion_side_20260522_192015.csv,2026-05-22 19:20:15,2026-05-22
TI 73020,400,,,,N/A,,fixed_price,carie_auktion_side_20260522_192015.csv,2026-05-22 19:20:15,2026-05-22
TI 76628,400,,,,N/A,,fixed_price,carie_auktion_side_20260522_192015.csv,2026-05-22 19:20:15,2026-05-22
TI 836,,,10000,4,31.05.2026,0,auction,carie_auktion_side_20260522_192015.csv,2026-05-22 19:20:15,2026-05-22
TI 90135,300,,,,N/A,,fixed_price,carie_auktion_side_20260522_192015.csv,2026-05-22 19:20:15,2026-05-22
TI 97169,350,,,,N/A,,fixed_price,carie_auktion_side_20260522_192015.csv,2026-05-22 19:20:15,2026-05-22
TI 241666,200,,,,N/A,,fixed_price,carie_auktion_side_20260523_185220.csv,2026-05-23 18:52:20,2026-05-23
TI 267777,,,650,2,31.05.2026,0,auction,carie_auktion_side_20260523_185220.csv,2026-05-23 18:52:20,2026-05-23
TI 28791,550,,,,N/A,,fixed_price,carie_auktion_side_20260523_185220.csv,2026-05-23 18:52:20,2026-05-23
TI 39487,450,,,,N/A,,fixed_price,carie_auktion_side_20260523_185220.csv,2026-05-23 18:52:20,2026-05-23
TI 46914,450,,,,N/A,,fixed_price,carie_auktion_side_20260523_185220.csv,2026-05-23 18:52:20,2026-05-23
TI 47896,400,,,,N/A,,fixed_price,carie_auktion_side_20260523_185220.csv,2026-05-23 18:52:20,2026-05-23
TI 51809,350,,,,N/A,,fixed_price,carie_auktion_side_20260523_185220.csv,2026-05-23 18:52:20,2026-05-23
TI 58585,,,1700,8,24.05.2026,0,auction,carie_auktion_side_20260523_185220.csv,2026-05-23 18:52:20,2026-05-23
TI 59086,350,,,,N/A,,fixed_price,carie_auktion_side_20260523_185220.csv,2026-05-23 18:52:20,2026-05-23
TI 63846,400,,,,N/A,,fixed_price,carie_auktion_side_20260523_185220.csv,2026-05-23 18:52:20,2026-05-23
TI 65391,350,,,,N/A,,fixed_price,carie_auktion_side_20260523_185220.csv,2026-05-23 18:52:20,2026-05-23
TI 6880,,,9000,13,24.05.2026,0,auction,carie_auktion_side_20260523_185220.csv,2026-05-23 18:52:20,2026-05-23
TI 76628,400,,,,N/A,,fixed_price,carie_auktion_side_20260523_185220.csv,2026-05-23 18:52:20,2026-05-23
TI 836,,,10000,4,31.05.2026,0,auction,carie_auktion_side_20260523_185220.csv,2026-05-23 18:52:20,2026-05-23
TI 90135,300,,,,N/A,,fixed_price,carie_auktion_side_20260523_185220.csv,2026-05-23 18:52:20,2026-05-23
TI 97169,350,,,,N/A,,fixed_price,carie_auktion_side_20260523_185220.csv,2026-05-23 18:52:20,2026-05-23
TI 241666,200,,,,N/A,,fixed_price,carie_auktion_side_20260524_185727.csv,2026-05-24 18:57:27,2026-05-24
TI 267777,,,650,2,31.05.2026,0,auction,carie_auktion_side_20260524_185727.csv,2026-05-24 18:57:27,2026-05-24
TI 28791,550,,,,N/A,,fixed_price,carie_auktion_side_20260524_185727.csv,2026-05-24 18:57:27,2026-05-24
TI 39487,450,,,,N/A,,fixed_price,carie_auktion_side_20260524_185727.csv,2026-05-24 18:57:27,2026-05-24
TI 46914,450,,,,N/A,,fixed_price,carie_auktion_side_20260524_185727.csv,2026-05-24 18:57:27,2026-05-24
TI 47896,400,,,,N/A,,fixed_price,carie_auktion_side_20260524_185727.csv,2026-05-24 18:57:27,2026-05-24
TI 51809,350,,,,N/A,,fixed_price,carie_auktion_side_20260524_185727.csv,2026-05-24 18:57:27,2026-05-24
TI 59086,350,,,,N/A,,fixed_price,carie_auktion_side_20260524_185727.csv,2026-05-24 18:57:27,2026-05-24
TI 63846,400,,,,N/A,,fixed_price,carie_auktion_side_20260524_185727.csv,2026-05-24 18:57:27,2026-05-24
TI 65391,350,,,,N/A,,fixed_price,carie_auktion_side_20260524_185727.csv,2026-05-24 18:57:27,2026-05-24
TI 76628,400,,,,N/A,,fixed_price,carie_auktion_side_20260524_185727.csv,2026-05-24 18:57:27,2026-05-24
TI 836,,,10100,5,31.05.2026,0,auction,carie_auktion_side_20260524_185727.csv,2026-05-24 18:57:27,2026-05-24
TI 90135,300,,,,N/A,,fixed_price,carie_auktion_side_20260524_185727.csv,2026-05-24 18:57:27,2026-05-24
TI 97169,350,,,,N/A,,fixed_price,carie_auktion_side_20260524_185727.csv,2026-05-24 18:57:27,2026-05-24
TI 10413,,,800,1,01.06.2026,0,auction,carie_auktion_side_20260525_191259.csv,2026-05-25 19:12:59,2026-05-25
TI 241666,200,,,,N/A,,fixed_price,carie_auktion_side_20260525_191259.csv,2026-05-25 19:12:59,2026-05-25
TI 267777,,,650,2,31.05.2026,0,auction,carie_auktion_side_20260525_191259.csv,2026-05-25 19:12:59,2026-05-25
TI 28791,550,,,,N/A,,fixed_price,carie_auktion_side_20260525_191259.csv,2026-05-25 19:12:59,2026-05-25
TI 29329,,,650,1,01.06.2026,0,auction,carie_auktion_side_20260525_191259.csv,2026-05-25 19:12:59,2026-05-25
TI 39487,450,,,,N/A,,fixed_price,carie_auktion_side_20260525_191259.csv,2026-05-25 19:12:59,2026-05-25
TI 46914,450,,,,N/A,,fixed_price,carie_auktion_side_20260525_191259.csv,2026-05-25 19:12:59,2026-05-25
TI 47896,400,,,,N/A,,fixed_price,carie_auktion_side_20260525_191259.csv,2026-05-25 19:12:59,2026-05-25
TI 51809,350,,,,N/A,,fixed_price,carie_auktion_side_20260525_191259.csv,2026-05-25 19:12:59,2026-05-25
TI 59086,350,,,,N/A,,fixed_price,carie_auktion_side_20260525_191259.csv,2026-05-25 19:12:59,2026-05-25
TI 63846,400,,,,N/A,,fixed_price,carie_auktion_side_20260525_191259.csv,2026-05-25 19:12:59,2026-05-25
TI 65391,350,,,,N/A,,fixed_price,carie_auktion_side_20260525_191259.csv,2026-05-25 19:12:59,2026-05-25
TI 76628,400,,,,N/A,,fixed_price,carie_auktion_side_20260525_191259.csv,2026-05-25 19:12:59,2026-05-25
TI 836,,,10100,5,31.05.2026,0,auction,carie_auktion_side_20260525_191259.csv,2026-05-25 19:12:59,2026-05-25
TI 97169,350,,,,N/A,,fixed_price,carie_auktion_side_20260525_191259.csv,2026-05-25 19:12:59,2026-05-25
TI 10413,,,800,1,01.06.2026,0,auction,carie_auktion_side_20260526_195153.csv,2026-05-26 19:51:53,2026-05-26
TI 241666,200,,,,N/A,,fixed_price,carie_auktion_side_20260526_195153.csv,2026-05-26 19:51:53,2026-05-26
TI 267777,,,650,2,31.05.2026,0,auction,carie_auktion_side_20260526_195153.csv,2026-05-26 19:51:53,2026-05-26
TI 29329,,,650,1,01.06.2026,0,auction,carie_auktion_side_20260526_195153.csv,2026-05-26 19:51:53,2026-05-26
TI 39487,450,,,,N/A,,fixed_price,carie_auktion_side_20260526_195153.csv,2026-05-26 19:51:53,2026-05-26
TI 46914,450,,,,N/A,,fixed_price,carie_auktion_side_20260526_195153.csv,2026-05-26 19:51:53,2026-05-26
TI 47896,400,,,,N/A,,fixed_price,carie_auktion_side_20260526_195153.csv,2026-05-26 19:51:53,2026-05-26
TI 51809,350,,,,N/A,,fixed_price,carie_auktion_side_20260526_195153.csv,2026-05-26 19:51:53,2026-05-26
TI 59086,350,,,,N/A,,fixed_price,carie_auktion_side_20260526_195153.csv,2026-05-26 19:51:53,2026-05-26
TI 63846,400,,,,N/A,,fixed_price,carie_auktion_side_20260526_195153.csv,2026-05-26 19:51:53,2026-05-26
TI 65391,350,,,,N/A,,fixed_price,carie_auktion_side_20260526_195153.csv,2026-05-26 19:51:53,2026-05-26
TI 76628,400,,,,N/A,,fixed_price,carie_auktion_side_20260526_195153.csv,2026-05-26 19:51:53,2026-05-26
TI 836,,,10100,5,31.05.2026,0,auction,carie_auktion_side_20260526_195153.csv,2026-05-26 19:51:53,2026-05-26
TI 97169,350,,,,N/A,,fixed_price,carie_auktion_side_20260526_195153.csv,2026-05-26 19:51:53,2026-05-26
TI 10413,,,800,1,01.06.2026,0,auction,carie_auktion_side_20260527_195628.csv,2026-05-27 19:56:28,2026-05-27
TI 267777,,,650,2,31.05.2026,0,auction,carie_auktion_side_20260527_195628.csv,2026-05-27 19:56:28,2026-05-27
TI 29329,,,650,1,01.06.2026,0,auction,carie_auktion_side_20260527_195628.csv,2026-05-27 19:56:28,2026-05-27
TI 39487,450,,,,N/A,,fixed_price,carie_auktion_side_20260527_195628.csv,2026-05-27 19:56:28,2026-05-27
TI 46914,450,,,,N/A,,fixed_price,carie_auktion_side_20260527_195628.csv,2026-05-27 19:56:28,2026-05-27
TI 47896,400,,,,N/A,,fixed_price,carie_auktion_side_20260527_195628.csv,2026-05-27 19:56:28,2026-05-27
TI 51809,350,,,,N/A,,fixed_price,carie_auktion_side_20260527_195628.csv,2026-05-27 19:56:28,2026-05-27
TI 63846,400,,,,N/A,,fixed_price,carie_auktion_side_20260527_195628.csv,2026-05-27 19:56:28,2026-05-27
TI 65391,350,,,,N/A,,fixed_price,carie_auktion_side_20260527_195628.csv,2026-05-27 19:56:28,2026-05-27
TI 76628,400,,,,N/A,,fixed_price,carie_auktion_side_20260527_195628.csv,2026-05-27 19:56:28,2026-05-27
TI 836,,,10100,5,31.05.2026,0,auction,carie_auktion_side_20260527_195628.csv,2026-05-27 19:56:28,2026-05-27
TI 97169,350,,,,N/A,,fixed_price,carie_auktion_side_20260527_195628.csv,2026-05-27 19:56:28,2026-05-27
TI 10413,,,800,1,01.06.2026,0,auction,carie_auktion_side_20260528_200210.csv,2026-05-28 20:02:10,2026-05-28
TI 267777,,,650,2,31.05.2026,0,auction,carie_auktion_side_20260528_200210.csv,2026-05-28 20:02:10,2026-05-28
TI 29329,,,650,1,01.06.2026,0,auction,carie_auktion_side_20260528_200210.csv,2026-05-28 20:02:10,2026-05-28
TI 39487,450,,,,N/A,,fixed_price,carie_auktion_side_20260528_200210.csv,2026-05-28 20:02:10,2026-05-28
TI 46914,450,,,,N/A,,fixed_price,carie_auktion_side_20260528_200210.csv,2026-05-28 20:02:10,2026-05-28
TI 47896,400,,,,N/A,,fixed_price,carie_auktion_side_20260528_200210.csv,2026-05-28 20:02:10,2026-05-28
TI 51809,350,,,,N/A,,fixed_price,carie_auktion_side_20260528_200210.csv,2026-05-28 20:02:10,2026-05-28
TI 63846,400,,,,N/A,,fixed_price,carie_auktion_side_20260528_200210.csv,2026-05-28 20:02:10,2026-05-28
TI 65391,350,,,,N/A,,fixed_price,carie_auktion_side_20260528_200210.csv,2026-05-28 20:02:10,2026-05-28
TI 76628,400,,,,N/A,,fixed_price,carie_auktion_side_20260528_200210.csv,2026-05-28 20:02:10,2026-05-28
TI 836,,,10100,5,31.05.2026,0,auction,carie_auktion_side_20260528_200210.csv,2026-05-28 20:02:10,2026-05-28
TI 97169,350,,,,N/A,,fixed_price,carie_auktion_side_20260528_200210.csv,2026-05-28 20:02:10,2026-05-28
TI 10413,,,800,1,01.06.2026,0,auction,carie_auktion_side_20260529_200459.csv,2026-05-29 20:04:59,2026-05-29
TI 267777,,,650,2,31.05.2026,0,auction,carie_auktion_side_20260529_200459.csv,2026-05-29 20:04:59,2026-05-29
TI 29329,,,650,1,01.06.2026,0,auction,carie_auktion_side_20260529_200459.csv,2026-05-29 20:04:59,2026-05-29
TI 46914,450,,,,N/A,,fixed_price,carie_auktion_side_20260529_200459.csv,2026-05-29 20:04:59,2026-05-29
TI 47896,400,,,,N/A,,fixed_price,carie_auktion_side_20260529_200459.csv,2026-05-29 20:04:59,2026-05-29
TI 63846,400,,,,N/A,,fixed_price,carie_auktion_side_20260529_200459.csv,2026-05-29 20:04:59,2026-05-29
TI 65391,350,,,,N/A,,fixed_price,carie_auktion_side_20260529_200459.csv,2026-05-29 20:04:59,2026-05-29
TI 76628,400,,,,N/A,,fixed_price,carie_auktion_side_20260529_200459.csv,2026-05-29 20:04:59,2026-05-29
TI 836,,,10100,5,31.05.2026,0,auction,carie_auktion_side_20260529_200459.csv,2026-05-29 20:04:59,2026-05-29
TI 10413,,,800,1,01.06.2026,0,auction,carie_auktion_side_20260530_185620.csv,2026-05-30 18:56:20,2026-05-30
TI 267777,,,650,2,31.05.2026,0,auction,carie_auktion_side_20260530_185620.csv,2026-05-30 18:56:20,2026-05-30
TI 29329,,,650,1,01.06.2026,0,auction,carie_auktion_side_20260530_185620.csv,2026-05-30 18:56:20,2026-05-30
TI 46914,450,,,,N/A,,fixed_price,carie_auktion_side_20260530_185620.csv,2026-05-30 18:56:20,2026-05-30
TI 47896,400,,,,N/A,,fixed_price,carie_auktion_side_20260530_185620.csv,2026-05-30 18:56:20,2026-05-30
TI 63846,400,,,,N/A,,fixed_price,carie_auktion_side_20260530_185620.csv,2026-05-30 18:56:20,2026-05-30
TI 65391,350,,,,N/A,,fixed_price,carie_auktion_side_20260530_185620.csv,2026-05-30 18:56:20,2026-05-30
TI 76628,400,,,,N/A,,fixed_price,carie_auktion_side_20260530_185620.csv,2026-05-30 18:56:20,2026-05-30
TI 836,,,10100,5,31.05.2026,0,auction,carie_auktion_side_20260530_185620.csv,2026-05-30 18:56:20,2026-05-30
TI 10413,,,800,1,01.06.2026,0,auction,carie_auktion_side_20260531_185928.csv,2026-05-31 18:59:28,2026-05-31
TI 29329,,,800,4,01.06.2026,0,auction,carie_auktion_side_20260531_185928.csv,2026-05-31 18:59:28,2026-05-31
TI 46914,450,,,,N/A,,fixed_price,carie_auktion_side_20260531_185928.csv,2026-05-31 18:59:28,2026-05-31
TI 47896,400,,,,N/A,,fixed_price,carie_auktion_side_20260531_185928.csv,2026-05-31 18:59:28,2026-05-31
TI 63846,400,,,,N/A,,fixed_price,carie_auktion_side_20260531_185928.csv,2026-05-31 18:59:28,2026-05-31
TI 65391,350,,,,N/A,,fixed_price,carie_auktion_side_20260531_185928.csv,2026-05-31 18:59:28,2026-05-31
TI 76628,400,,,,N/A,,fixed_price,carie_auktion_side_20260531_185928.csv,2026-05-31 18:59:28,2026-05-31
TI 281,,,8600,3,10.06.2026,0,auction,carie_auktion_side_20260601_211902.csv,2026-06-01 21:19:02,2026-06-01
TI 322225,,,600,0,10.06.2026,0,auction,carie_auktion_side_20260601_211902.csv,2026-06-01 21:19:02,2026-06-01
TI 47896,400,,,,N/A,,fixed_price,carie_auktion_side_20260601_211902.csv,2026-06-01 21:19:02,2026-06-01
TI 63846,400,,,,N/A,,fixed_price,carie_auktion_side_20260601_211902.csv,2026-06-01 21:19:02,2026-06-01
TI 65391,350,,,,N/A,,fixed_price,carie_auktion_side_20260601_211902.csv,2026-06-01 21:19:02,2026-06-01
TI 76628,400,,,,N/A,,fixed_price,carie_auktion_side_20260601_211902.csv,2026-06-01 21:19:02,2026-06-01
TI 281,,,8600,3,10.06.2026,0,auction,carie_auktion_side_20260602_203247.csv,2026-06-02 20:32:47,2026-06-02
TI 322225,,,600,0,10.06.2026,0,auction,carie_auktion_side_20260602_203247.csv,2026-06-02 20:32:47,2026-06-02
TI 47896,400,,,,N/A,,fixed_price,carie_auktion_side_20260602_203247.csv,2026-06-02 20:32:47,2026-06-02
TI 63846,400,,,,N/A,,fixed_price,carie_auktion_side_20260602_203247.csv,2026-06-02 20:32:47,2026-06-02
TI 76628,400,,,,N/A,,fixed_price,carie_auktion_side_20260602_203247.csv,2026-06-02 20:32:47,2026-06-02
TI 14407,,,800,0,14.06.2026,0,auction,carie_auktion_side_20260603_204435.csv,2026-06-03 20:44:35,2026-06-03
TI 281,,,10000,6,10.06.2026,0,auction,carie_auktion_side_20260603_204435.csv,2026-06-03 20:44:35,2026-06-03
TI 322225,,,600,0,10.06.2026,0,auction,carie_auktion_side_20260603_204435.csv,2026-06-03 20:44:35,2026-06-03
TI 47896,400,,,,N/A,,fixed_price,carie_auktion_side_20260603_204435.csv,2026-06-03 20:44:35,2026-06-03
TI 63846,400,,,,N/A,,fixed_price,carie_auktion_side_20260603_204435.csv,2026-06-03 20:44:35,2026-06-03
TI 76628,400,,,,N/A,,fixed_price,carie_auktion_side_20260603_204435.csv,2026-06-03 20:44:35,2026-06-03
TI 99952,,,600,0,14.06.2026,0,auction,carie_auktion_side_20260603_204435.csv,2026-06-03 20:44:35,2026-06-03
TI 111932,200,,,,N/A,,fixed_price,carie_auktion_side_20260604_195148.csv,2026-06-04 19:51:48,2026-06-04
TI 14407,,,900,1,14.06.2026,0,auction,carie_auktion_side_20260604_195148.csv,2026-06-04 19:51:48,2026-06-04
TI 281,,,11500,8,10.06.2026,0,auction,carie_auktion_side_20260604_195148.csv,2026-06-04 19:51:48,2026-06-04
TI 322225,,,600,0,10.06.2026,0,auction,carie_auktion_side_20260604_195148.csv,2026-06-04 19:51:48,2026-06-04
TI 34998,500,,,,N/A,,fixed_price,carie_auktion_side_20260604_195148.csv,2026-06-04 19:51:48,2026-06-04
TI 43698,400,,,,N/A,,fixed_price,carie_auktion_side_20260604_195148.csv,2026-06-04 19:51:48,2026-06-04
TI 47896,400,,,,N/A,,fixed_price,carie_auktion_side_20260604_195148.csv,2026-06-04 19:51:48,2026-06-04
TI 52031,350,,,,N/A,,fixed_price,carie_auktion_side_20260604_195148.csv,2026-06-04 19:51:48,2026-06-04
TI 59867,350,,,,N/A,,fixed_price,carie_auktion_side_20260604_195148.csv,2026-06-04 19:51:48,2026-06-04
TI 63846,400,,,,N/A,,fixed_price,carie_auktion_side_20260604_195148.csv,2026-06-04 19:51:48,2026-06-04
TI 65290,350,,,,N/A,,fixed_price,carie_auktion_side_20260604_195148.csv,2026-06-04 19:51:48,2026-06-04
TI 72189,300,,,,N/A,,fixed_price,carie_auktion_side_20260604_195148.csv,2026-06-04 19:51:48,2026-06-04
TI 76628,400,,,,N/A,,fixed_price,carie_auktion_side_20260604_195148.csv,2026-06-04 19:51:48,2026-06-04
TI 96829,350,,,,N/A,,fixed_price,carie_auktion_side_20260604_195148.csv,2026-06-04 19:51:48,2026-06-04
TI 99952,,,600,0,14.06.2026,0,auction,carie_auktion_side_20260604_195148.csv,2026-06-04 19:51:48,2026-06-04
TI 111932,200,,,,N/A,,fixed_price,carie_auktion_side_20260605_192752.csv,2026-06-05 19:27:52,2026-06-05
TI 14407,,,900,1,14.06.2026,0,auction,carie_auktion_side_20260605_192752.csv,2026-06-05 19:27:52,2026-06-05
TI 281,,,11500,8,10.06.2026,0,auction,carie_auktion_side_20260605_192752.csv,2026-06-05 19:27:52,2026-06-05
TI 322225,,,600,0,10.06.2026,0,auction,carie_auktion_side_20260605_192752.csv,2026-06-05 19:27:52,2026-06-05
TI 43698,400,,,,N/A,,fixed_price,carie_auktion_side_20260605_192752.csv,2026-06-05 19:27:52,2026-06-05
TI 47896,400,,,,N/A,,fixed_price,carie_auktion_side_20260605_192752.csv,2026-06-05 19:27:52,2026-06-05
TI 52031,350,,,,N/A,,fixed_price,carie_auktion_side_20260605_192752.csv,2026-06-05 19:27:52,2026-06-05
TI 59867,350,,,,N/A,,fixed_price,carie_auktion_side_20260605_192752.csv,2026-06-05 19:27:52,2026-06-05
TI 63846,400,,,,N/A,,fixed_price,carie_auktion_side_20260605_192752.csv,2026-06-05 19:27:52,2026-06-05
TI 72189,300,,,,N/A,,fixed_price,carie_auktion_side_20260605_192752.csv,2026-06-05 19:27:52,2026-06-05
TI 76628,400,,,,N/A,,fixed_price,carie_auktion_side_20260605_192752.csv,2026-06-05 19:27:52,2026-06-05
TI 96829,350,,,,N/A,,fixed_price,carie_auktion_side_20260605_192752.csv,2026-06-05 19:27:52,2026-06-05
TI 99952,,,600,1,14.06.2026,0,auction,carie_auktion_side_20260605_192752.csv,2026-06-05 19:27:52,2026-06-05
TI 111932,200,,,,N/A,,fixed_price,carie_auktion_side_20260606_190152.csv,2026-06-06 19:01:52,2026-06-06
TI 14407,,,900,1,14.06.2026,0,auction,carie_auktion_side_20260606_190152.csv,2026-06-06 19:01:52,2026-06-06
TI 281,,,11500,8,10.06.2026,0,auction,carie_auktion_side_20260606_190152.csv,2026-06-06 19:01:52,2026-06-06
TI 322225,,,600,0,10.06.2026,0,auction,carie_auktion_side_20260606_190152.csv,2026-06-06 19:01:52,2026-06-06
TI 43698,400,,,,N/A,,fixed_price,carie_auktion_side_20260606_190152.csv,2026-06-06 19:01:52,2026-06-06
TI 47896,400,,,,N/A,,fixed_price,carie_auktion_side_20260606_190152.csv,2026-06-06 19:01:52,2026-06-06
TI 59867,350,,,,N/A,,fixed_price,carie_auktion_side_20260606_190152.csv,2026-06-06 19:01:52,2026-06-06
TI 63846,400,,,,N/A,,fixed_price,carie_auktion_side_20260606_190152.csv,2026-06-06 19:01:52,2026-06-06
TI 72189,300,,,,N/A,,fixed_price,carie_auktion_side_20260606_190152.csv,2026-06-06 19:01:52,2026-06-06
TI 76628,400,,,,N/A,,fixed_price,carie_auktion_side_20260606_190152.csv,2026-06-06 19:01:52,2026-06-06
TI 96829,350,,,,N/A,,fixed_price,carie_auktion_side_20260606_190152.csv,2026-06-06 19:01:52,2026-06-06
TI 99952,,,600,1,14.06.2026,0,auction,carie_auktion_side_20260606_190152.csv,2026-06-06 19:01:52,2026-06-06
TI 111932,200,,,,N/A,,fixed_price,carie_auktion_side_20260607_190258.csv,2026-06-07 19:02:58,2026-06-07
TI 14407,,,900,1,14.06.2026,0,auction,carie_auktion_side_20260607_190258.csv,2026-06-07 19:02:58,2026-06-07
TI 281,,,11500,8,10.06.2026,0,auction,carie_auktion_side_20260607_190258.csv,2026-06-07 19:02:58,2026-06-07
TI 322225,,,600,1,10.06.2026,0,auction,carie_auktion_side_20260607_190258.csv,2026-06-07 19:02:58,2026-06-07
TI 43698,400,,,,N/A,,fixed_price,carie_auktion_side_20260607_190258.csv,2026-06-07 19:02:58,2026-06-07
TI 47896,400,,,,N/A,,fixed_price,carie_auktion_side_20260607_190258.csv,2026-06-07 19:02:58,2026-06-07
TI 59867,350,,,,N/A,,fixed_price,carie_auktion_side_20260607_190258.csv,2026-06-07 19:02:58,2026-06-07
TI 63846,400,,,,N/A,,fixed_price,carie_auktion_side_20260607_190258.csv,2026-06-07 19:02:58,2026-06-07
TI 72189,300,,,,N/A,,fixed_price,carie_auktion_side_20260607_190258.csv,2026-06-07 19:02:58,2026-06-07
TI 76628,400,,,,N/A,,fixed_price,carie_auktion_side_20260607_190258.csv,2026-06-07 19:02:58,2026-06-07
TI 96829,350,,,,N/A,,fixed_price,carie_auktion_side_20260607_190258.csv,2026-06-07 19:02:58,2026-06-07
TI 99952,,,600,1,14.06.2026,0,auction,carie_auktion_side_20260607_190258.csv,2026-06-07 19:02:58,2026-06-07
TI 111932,200,,,,N/A,,fixed_price,carie_auktion_side_20260608_195758.csv,2026-06-08 19:57:58,2026-06-08
TI 14407,,,900,1,14.06.2026,0,auction,carie_auktion_side_20260608_195758.csv,2026-06-08 19:57:58,2026-06-08
TI 281,,,12000,9,10.06.2026,0,auction,carie_auktion_side_20260608_195758.csv,2026-06-08 19:57:58,2026-06-08
TI 322225,,,600,1,10.06.2026,0,auction,carie_auktion_side_20260608_195758.csv,2026-06-08 19:57:58,2026-06-08
TI 43698,400,,,,N/A,,fixed_price,carie_auktion_side_20260608_195758.csv,2026-06-08 19:57:58,2026-06-08
TI 47896,400,,,,N/A,,fixed_price,carie_auktion_side_20260608_195758.csv,2026-06-08 19:57:58,2026-06-08
TI 59867,350,,,,N/A,,fixed_price,carie_auktion_side_20260608_195758.csv,2026-06-08 19:57:58,2026-06-08
TI 63846,400,,,,N/A,,fixed_price,carie_auktion_side_20260608_195758.csv,2026-06-08 19:57:58,2026-06-08
TI 72189,300,,,,N/A,,fixed_price,carie_auktion_side_20260608_195758.csv,2026-06-08 19:57:58,2026-06-08
TI 76628,400,,,,N/A,,fixed_price,carie_auktion_side_20260608_195758.csv,2026-06-08 19:57:58,2026-06-08
TI 96829,350,,,,N/A,,fixed_price,carie_auktion_side_20260608_195758.csv,2026-06-08 19:57:58,2026-06-08
TI 99952,,,650,2,14.06.2026,0,auction,carie_auktion_side_20260608_195758.csv,2026-06-08 19:57:58,2026-06-08
TI 111932,200,,,,N/A,,fixed_price,carie_auktion_side_20260609_195330.csv,2026-06-09 19:53:30,2026-06-09
TI 14407,,,900,1,14.06.2026,0,auction,carie_auktion_side_20260609_195330.csv,2026-06-09 19:53:30,2026-06-09
TI 281,,,12000,9,10.06.2026,0,auction,carie_auktion_side_20260609_195330.csv,2026-06-09 19:53:30,2026-06-09
TI 322225,,,600,1,10.06.2026,0,auction,carie_auktion_side_20260609_195330.csv,2026-06-09 19:53:30,2026-06-09
TI 43698,400,,,,N/A,,fixed_price,carie_auktion_side_20260609_195330.csv,2026-06-09 19:53:30,2026-06-09
TI 47896,400,,,,N/A,,fixed_price,carie_auktion_side_20260609_195330.csv,2026-06-09 19:53:30,2026-06-09
TI 59867,350,,,,N/A,,fixed_price,carie_auktion_side_20260609_195330.csv,2026-06-09 19:53:30,2026-06-09
TI 63846,400,,,,N/A,,fixed_price,carie_auktion_side_20260609_195330.csv,2026-06-09 19:53:30,2026-06-09
TI 72189,300,,,,N/A,,fixed_price,carie_auktion_side_20260609_195330.csv,2026-06-09 19:53:30,2026-06-09
TI 76628,400,,,,N/A,,fixed_price,carie_auktion_side_20260609_195330.csv,2026-06-09 19:53:30,2026-06-09
TI 96829,350,,,,N/A,,fixed_price,carie_auktion_side_20260609_195330.csv,2026-06-09 19:53:30,2026-06-09
TI 99952,,,650,2,14.06.2026,0,auction,carie_auktion_side_20260609_195330.csv,2026-06-09 19:53:30,2026-06-09
TI 111932,200,,,,N/A,,fixed_price,carie_auktion_side_20260610_200612.csv,2026-06-10 20:06:12,2026-06-10
TI 116166,,,600,0,21.06.2026,0,auction,carie_auktion_side_20260610_200612.csv,2026-06-10 20:06:12,2026-06-10
TI 14407,,,900,1,14.06.2026,0,auction,carie_auktion_side_20260610_200612.csv,2026-06-10 20:06:12,2026-06-10
TI 43698,400,,,,N/A,,fixed_price,carie_auktion_side_20260610_200612.csv,2026-06-10 20:06:12,2026-06-10
TI 47896,400,,,,N/A,,fixed_price,carie_auktion_side_20260610_200612.csv,2026-06-10 20:06:12,2026-06-10
TI 498,,,6000,1,21.06.2026,0,auction,carie_auktion_side_20260610_200612.csv,2026-06-10 20:06:12,2026-06-10
TI 59867,350,,,,N/A,,fixed_price,carie_auktion_side_20260610_200612.csv,2026-06-10 20:06:12,2026-06-10
TI 63846,400,,,,N/A,,fixed_price,carie_auktion_side_20260610_200612.csv,2026-06-10 20:06:12,2026-06-10
TI 72189,300,,,,N/A,,fixed_price,carie_auktion_side_20260610_200612.csv,2026-06-10 20:06:12,2026-06-10
TI 76628,400,,,,N/A,,fixed_price,carie_auktion_side_20260610_200612.csv,2026-06-10 20:06:12,2026-06-10
TI 96829,350,,,,N/A,,fixed_price,carie_auktion_side_20260610_200612.csv,2026-06-10 20:06:12,2026-06-10
TI 99952,,,650,2,14.06.2026,0,auction,carie_auktion_side_20260610_200612.csv,2026-06-10 20:06:12,2026-06-10
TI 111932,200,,,,N/A,,fixed_price,carie_auktion_side_20260611_200723.csv,2026-06-11 20:07:23,2026-06-11
TI 116166,,,600,0,21.06.2026,0,auction,carie_auktion_side_20260611_200723.csv,2026-06-11 20:07:23,2026-06-11
TI 14407,,,950,2,14.06.2026,0,auction,carie_auktion_side_20260611_200723.csv,2026-06-11 20:07:23,2026-06-11
TI 43698,400,,,,N/A,,fixed_price,carie_auktion_side_20260611_200723.csv,2026-06-11 20:07:23,2026-06-11
TI 47896,400,,,,N/A,,fixed_price,carie_auktion_side_20260611_200723.csv,2026-06-11 20:07:23,2026-06-11
TI 498,,,9000,4,21.06.2026,0,auction,carie_auktion_side_20260611_200723.csv,2026-06-11 20:07:23,2026-06-11
TI 59867,350,,,,N/A,,fixed_price,carie_auktion_side_20260611_200723.csv,2026-06-11 20:07:23,2026-06-11
TI 63846,400,,,,N/A,,fixed_price,carie_auktion_side_20260611_200723.csv,2026-06-11 20:07:23,2026-06-11
TI 72189,300,,,,N/A,,fixed_price,carie_auktion_side_20260611_200723.csv,2026-06-11 20:07:23,2026-06-11
TI 76628,400,,,,N/A,,fixed_price,carie_auktion_side_20260611_200723.csv,2026-06-11 20:07:23,2026-06-11
TI 96829,350,,,,N/A,,fixed_price,carie_auktion_side_20260611_200723.csv,2026-06-11 20:07:23,2026-06-11
TI 99952,,,650,2,14.06.2026,0,auction,carie_auktion_side_20260611_200723.csv,2026-06-11 20:07:23,2026-06-11
TI 111932,200,,,,N/A,,fixed_price,carie_auktion_side_20260612_194926.csv,2026-06-12 19:49:26,2026-06-12
TI 116166,,,600,0,21.06.2026,0,auction,carie_auktion_side_20260612_194926.csv,2026-06-12 19:49:26,2026-06-12
TI 14407,,,950,2,14.06.2026,0,auction,carie_auktion_side_20260612_194926.csv,2026-06-12 19:49:26,2026-06-12
TI 43698,400,,,,N/A,,fixed_price,carie_auktion_side_20260612_194926.csv,2026-06-12 19:49:26,2026-06-12
TI 47896,400,,,,N/A,,fixed_price,carie_auktion_side_20260612_194926.csv,2026-06-12 19:49:26,2026-06-12
TI 498,,,9100,5,21.06.2026,0,auction,carie_auktion_side_20260612_194926.csv,2026-06-12 19:49:26,2026-06-12
TI 59867,350,,,,N/A,,fixed_price,carie_auktion_side_20260612_194926.csv,2026-06-12 19:49:26,2026-06-12
TI 63846,400,,,,N/A,,fixed_price,carie_auktion_side_20260612_194926.csv,2026-06-12 19:49:26,2026-06-12
TI 72189,300,,,,N/A,,fixed_price,carie_auktion_side_20260612_194926.csv,2026-06-12 19:49:26,2026-06-12
TI 76628,400,,,,N/A,,fixed_price,carie_auktion_side_20260612_194926.csv,2026-06-12 19:49:26,2026-06-12
TI 96829,350,,,,N/A,,fixed_price,carie_auktion_side_20260612_194926.csv,2026-06-12 19:49:26,2026-06-12
TI 99952,,,650,2,14.06.2026,0,auction,carie_auktion_side_20260612_194926.csv,2026-06-12 19:49:26,2026-06-12
TI 111932,200,,,,N/A,,fixed_price,carie_auktion_side_20260613_190426.csv,2026-06-13 19:04:26,2026-06-13
TI 116166,,,600,0,21.06.2026,0,auction,carie_auktion_side_20260613_190426.csv,2026-06-13 19:04:26,2026-06-13
TI 14407,,,950,2,14.06.2026,0,auction,carie_auktion_side_20260613_190426.csv,2026-06-13 19:04:26,2026-06-13
TI 43698,400,,,,N/A,,fixed_price,carie_auktion_side_20260613_190426.csv,2026-06-13 19:04:26,2026-06-13
TI 47896,400,,,,N/A,,fixed_price,carie_auktion_side_20260613_190426.csv,2026-06-13 19:04:26,2026-06-13
TI 498,,,9100,5,21.06.2026,0,auction,carie_auktion_side_20260613_190426.csv,2026-06-13 19:04:26,2026-06-13
TI 59867,350,,,,N/A,,fixed_price,carie_auktion_side_20260613_190426.csv,2026-06-13 19:04:26,2026-06-13
TI 63846,400,,,,N/A,,fixed_price,carie_auktion_side_20260613_190426.csv,2026-06-13 19:04:26,2026-06-13
TI 72189,300,,,,N/A,,fixed_price,carie_auktion_side_20260613_190426.csv,2026-06-13 19:04:26,2026-06-13
TI 76628,400,,,,N/A,,fixed_price,carie_auktion_side_20260613_190426.csv,2026-06-13 19:04:26,2026-06-13
TI 96829,350,,,,N/A,,fixed_price,carie_auktion_side_20260613_190426.csv,2026-06-13 19:04:26,2026-06-13
TI 99952,,,650,2,14.06.2026,0,auction,carie_auktion_side_20260613_190426.csv,2026-06-13 19:04:26,2026-06-13
TI 111932,200,,,,N/A,,fixed_price,carie_auktion_side_20260614_190519.csv,2026-06-14 19:05:19,2026-06-14
TI 116166,,,600,0,21.06.2026,0,auction,carie_auktion_side_20260614_190519.csv,2026-06-14 19:05:19,2026-06-14
TI 2964,,,1000,0,24.06.2026,0,auction,carie_auktion_side_20260614_190519.csv,2026-06-14 19:05:19,2026-06-14
TI 43698,400,,,,N/A,,fixed_price,carie_auktion_side_20260614_190519.csv,2026-06-14 19:05:19,2026-06-14
TI 47896,400,,,,N/A,,fixed_price,carie_auktion_side_20260614_190519.csv,2026-06-14 19:05:19,2026-06-14
TI 498,,,9100,5,21.06.2026,0,auction,carie_auktion_side_20260614_190519.csv,2026-06-14 19:05:19,2026-06-14
TI 59867,350,,,,N/A,,fixed_price,carie_auktion_side_20260614_190519.csv,2026-06-14 19:05:19,2026-06-14
TI 63846,400,,,,N/A,,fixed_price,carie_auktion_side_20260614_190519.csv,2026-06-14 19:05:19,2026-06-14
TI 67876,,,800,0,24.06.2026,0,auction,carie_auktion_side_20260614_190519.csv,2026-06-14 19:05:19,2026-06-14
TI 72189,300,,,,N/A,,fixed_price,carie_auktion_side_20260614_190519.csv,2026-06-14 19:05:19,2026-06-14
TI 76628,400,,,,N/A,,fixed_price,carie_auktion_side_20260614_190519.csv,2026-06-14 19:05:19,2026-06-14
TI 96829,350,,,,N/A,,fixed_price,carie_auktion_side_20260614_190519.csv,2026-06-14 19:05:19,2026-06-14
TI 111932,200,,,,N/A,,fixed_price,carie_auktion_side_20260615_204210.csv,2026-06-15 20:42:10,2026-06-15
TI 116166,,,600,0,21.06.2026,0,auction,carie_auktion_side_20260615_204210.csv,2026-06-15 20:42:10,2026-06-15
TI 2964,,,2500,1,24.06.2026,0,auction,carie_auktion_side_20260615_204210.csv,2026-06-15 20:42:10,2026-06-15
TI 43698,400,,,,N/A,,fixed_price,carie_auktion_side_20260615_204210.csv,2026-06-15 20:42:10,2026-06-15
TI 47896,400,,,,N/A,,fixed_price,carie_auktion_side_20260615_204210.csv,2026-06-15 20:42:10,2026-06-15
TI 498,,,9200,6,21.06.2026,0,auction,carie_auktion_side_20260615_204210.csv,2026-06-15 20:42:10,2026-06-15
TI 59867,350,,,,N/A,,fixed_price,carie_auktion_side_20260615_204210.csv,2026-06-15 20:42:10,2026-06-15
TI 63846,400,,,,N/A,,fixed_price,carie_auktion_side_20260615_204210.csv,2026-06-15 20:42:10,2026-06-15
TI 67876,,,800,0,24.06.2026,0,auction,carie_auktion_side_20260615_204210.csv,2026-06-15 20:42:10,2026-06-15
TI 72189,300,,,,N/A,,fixed_price,carie_auktion_side_20260615_204210.csv,2026-06-15 20:42:10,2026-06-15
TI 76628,400,,,,N/A,,fixed_price,carie_auktion_side_20260615_204210.csv,2026-06-15 20:42:10,2026-06-15
TI 96829,350,,,,N/A,,fixed_price,carie_auktion_side_20260615_204210.csv,2026-06-15 20:42:10,2026-06-15
TI 111932,200,,,,N/A,,fixed_price,carie_auktion_side_20260616_203418.csv,2026-06-16 20:34:18,2026-06-16
TI 116166,,,600,0,21.06.2026,0,auction,carie_auktion_side_20260616_203418.csv,2026-06-16 20:34:18,2026-06-16
TI 2964,,,3000,3,24.06.2026,0,auction,carie_auktion_side_20260616_203418.csv,2026-06-16 20:34:18,2026-06-16
TI 43698,400,,,,N/A,,fixed_price,carie_auktion_side_20260616_203418.csv,2026-06-16 20:34:18,2026-06-16
TI 47896,400,,,,N/A,,fixed_price,carie_auktion_side_20260616_203418.csv,2026-06-16 20:34:18,2026-06-16
TI 498,,,9500,8,21.06.2026,0,auction,carie_auktion_side_20260616_203418.csv,2026-06-16 20:34:18,2026-06-16
TI 59867,350,,,,N/A,,fixed_price,carie_auktion_side_20260616_203418.csv,2026-06-16 20:34:18,2026-06-16
TI 63846,400,,,,N/A,,fixed_price,carie_auktion_side_20260616_203418.csv,2026-06-16 20:34:18,2026-06-16
TI 67876,,,800,0,24.06.2026,0,auction,carie_auktion_side_20260616_203418.csv,2026-06-16 20:34:18,2026-06-16
TI 72189,300,,,,N/A,,fixed_price,carie_auktion_side_20260616_203418.csv,2026-06-16 20:34:18,2026-06-16
TI 76628,400,,,,N/A,,fixed_price,carie_auktion_side_20260616_203418.csv,2026-06-16 20:34:18,2026-06-16
TI 96829,350,,,,N/A,,fixed_price,carie_auktion_side_20260616_203418.csv,2026-06-16 20:34:18,2026-06-16
TI 111932,200,,,,N/A,,fixed_price,carie_auktion_side_20260617_195531.csv,2026-06-17 19:55:31,2026-06-17
TI 116166,,,600,0,21.06.2026,0,auction,carie_auktion_side_20260617_195531.csv,2026-06-17 19:55:31,2026-06-17
TI 2964,,,3200,5,24.06.2026,0,auction,carie_auktion_side_20260617_195531.csv,2026-06-17 19:55:31,2026-06-17
TI 43698,400,,,,N/A,,fixed_price,carie_auktion_side_20260617_195531.csv,2026-06-17 19:55:31,2026-06-17
TI 47896,400,,,,N/A,,fixed_price,carie_auktion_side_20260617_195531.csv,2026-06-17 19:55:31,2026-06-17
TI 498,,,11000,11,21.06.2026,0,auction,carie_auktion_side_20260617_195531.csv,2026-06-17 19:55:31,2026-06-17
TI 59867,350,,,,N/A,,fixed_price,carie_auktion_side_20260617_195531.csv,2026-06-17 19:55:31,2026-06-17
TI 63846,400,,,,N/A,,fixed_price,carie_auktion_side_20260617_195531.csv,2026-06-17 19:55:31,2026-06-17
TI 67876,,,850,1,24.06.2026,0,auction,carie_auktion_side_20260617_195531.csv,2026-06-17 19:55:31,2026-06-17
TI 72189,300,,,,N/A,,fixed_price,carie_auktion_side_20260617_195531.csv,2026-06-17 19:55:31,2026-06-17
TI 76628,400,,,,N/A,,fixed_price,carie_auktion_side_20260617_195531.csv,2026-06-17 19:55:31,2026-06-17
TI 96829,350,,,,N/A,,fixed_price,carie_auktion_side_20260617_195531.csv,2026-06-17 19:55:31,2026-06-17
TI 111932,200,,,,N/A,,fixed_price,carie_auktion_side_20260618_200624.csv,2026-06-18 20:06:24,2026-06-18
TI 116166,,,600,0,21.06.2026,0,auction,carie_auktion_side_20260618_200624.csv,2026-06-18 20:06:24,2026-06-18
TI 2964,,,3200,5,24.06.2026,0,auction,carie_auktion_side_20260618_200624.csv,2026-06-18 20:06:24,2026-06-18
TI 43698,400,,,,N/A,,fixed_price,carie_auktion_side_20260618_200624.csv,2026-06-18 20:06:24,2026-06-18
TI 47896,400,,,,N/A,,fixed_price,carie_auktion_side_20260618_200624.csv,2026-06-18 20:06:24,2026-06-18
TI 498,,,11100,12,21.06.2026,0,auction,carie_auktion_side_20260618_200624.csv,2026-06-18 20:06:24,2026-06-18
TI 59867,350,,,,N/A,,fixed_price,carie_auktion_side_20260618_200624.csv,2026-06-18 20:06:24,2026-06-18
TI 63846,400,,,,N/A,,fixed_price,carie_auktion_side_20260618_200624.csv,2026-06-18 20:06:24,2026-06-18
TI 67876,,,850,1,24.06.2026,0,auction,carie_auktion_side_20260618_200624.csv,2026-06-18 20:06:24,2026-06-18
TI 72189,300,,,,N/A,,fixed_price,carie_auktion_side_20260618_200624.csv,2026-06-18 20:06:24,2026-06-18
TI 76628,400,,,,N/A,,fixed_price,carie_auktion_side_20260618_200624.csv,2026-06-18 20:06:24,2026-06-18
TI 96829,350,,,,N/A,,fixed_price,carie_auktion_side_20260618_200624.csv,2026-06-18 20:06:24,2026-06-18
TI 111932,200,,,,N/A,,fixed_price,carie_auktion_side_20260619_192213.csv,2026-06-19 19:22:13,2026-06-19
TI 116166,,,600,0,21.06.2026,0,auction,carie_auktion_side_20260619_192213.csv,2026-06-19 19:22:13,2026-06-19
TI 2964,,,3200,5,24.06.2026,0,auction,carie_auktion_side_20260619_192213.csv,2026-06-19 19:22:13,2026-06-19
TI 43698,400,,,,N/A,,fixed_price,carie_auktion_side_20260619_192213.csv,2026-06-19 19:22:13,2026-06-19
TI 47896,400,,,,N/A,,fixed_price,carie_auktion_side_20260619_192213.csv,2026-06-19 19:22:13,2026-06-19
TI 498,,,11100,12,21.06.2026,0,auction,carie_auktion_side_20260619_192213.csv,2026-06-19 19:22:13,2026-06-19
TI 59867,350,,,,N/A,,fixed_price,carie_auktion_side_20260619_192213.csv,2026-06-19 19:22:13,2026-06-19
TI 63846,400,,,,N/A,,fixed_price,carie_auktion_side_20260619_192213.csv,2026-06-19 19:22:13,2026-06-19
TI 67876,,,850,1,24.06.2026,0,auction,carie_auktion_side_20260619_192213.csv,2026-06-19 19:22:13,2026-06-19
TI 72189,300,,,,N/A,,fixed_price,carie_auktion_side_20260619_192213.csv,2026-06-19 19:22:13,2026-06-19
TI 76628,400,,,,N/A,,fixed_price,carie_auktion_side_20260619_192213.csv,2026-06-19 19:22:13,2026-06-19
TI 96829,350,,,,N/A,,fixed_price,carie_auktion_side_20260619_192213.csv,2026-06-19 19:22:13,2026-06-19
TI 111932,200,,,,N/A,,fixed_price,carie_auktion_side_20260620_190558.csv,2026-06-20 19:05:58,2026-06-20
TI 116166,,,650,1,21.06.2026,0,auction,carie_auktion_side_20260620_190558.csv,2026-06-20 19:05:58,2026-06-20
TI 2964,,,3300,6,24.06.2026,0,auction,carie_auktion_side_20260620_190558.csv,2026-06-20 19:05:58,2026-06-20
TI 43698,400,,,,N/A,,fixed_price,carie_auktion_side_20260620_190558.csv,2026-06-20 19:05:58,2026-06-20
TI 47896,400,,,,N/A,,fixed_price,carie_auktion_side_20260620_190558.csv,2026-06-20 19:05:58,2026-06-20
TI 498,,,11100,12,21.06.2026,0,auction,carie_auktion_side_20260620_190558.csv,2026-06-20 19:05:58,2026-06-20
TI 59867,350,,,,N/A,,fixed_price,carie_auktion_side_20260620_190558.csv,2026-06-20 19:05:58,2026-06-20
TI 63846,400,,,,N/A,,fixed_price,carie_auktion_side_20260620_190558.csv,2026-06-20 19:05:58,2026-06-20
TI 67876,,,850,1,24.06.2026,0,auction,carie_auktion_side_20260620_190558.csv,2026-06-20 19:05:58,2026-06-20
TI 72189,300,,,,N/A,,fixed_price,carie_auktion_side_20260620_190558.csv,2026-06-20 19:05:58,2026-06-20
TI 76628,400,,,,N/A,,fixed_price,carie_auktion_side_20260620_190558.csv,2026-06-20 19:05:58,2026-06-20
TI 96829,350,,,,N/A,,fixed_price,carie_auktion_side_20260620_190558.csv,2026-06-20 19:05:58,2026-06-20
TI 111932,200,,,,N/A,,fixed_price,carie_auktion_side_20260621_191026.csv,2026-06-21 19:10:26,2026-06-21
TI 294444,,,600,0,01.07.2026,0,auction,carie_auktion_side_20260621_191026.csv,2026-06-21 19:10:26,2026-06-21
TI 2964,,,5600,21,24.06.2026,0,auction,carie_auktion_side_20260621_191026.csv,2026-06-21 19:10:26,2026-06-21
TI 43698,400,,,,N/A,,fixed_price,carie_auktion_side_20260621_191026.csv,2026-06-21 19:10:26,2026-06-21
TI 47896,400,,,,N/A,,fixed_price,carie_auktion_side_20260621_191026.csv,2026-06-21 19:10:26,2026-06-21
TI 59867,350,,,,N/A,,fixed_price,carie_auktion_side_20260621_191026.csv,2026-06-21 19:10:26,2026-06-21
TI 63846,400,,,,N/A,,fixed_price,carie_auktion_side_20260621_191026.csv,2026-06-21 19:10:26,2026-06-21
TI 67876,,,850,1,24.06.2026,0,auction,carie_auktion_side_20260621_191026.csv,2026-06-21 19:10:26,2026-06-21
TI 72189,300,,,,N/A,,fixed_price,carie_auktion_side_20260621_191026.csv,2026-06-21 19:10:26,2026-06-21
TI 76628,400,,,,N/A,,fixed_price,carie_auktion_side_20260621_191026.csv,2026-06-21 19:10:26,2026-06-21
TI 952,,,3200,1,01.07.2026,0,auction,carie_auktion_side_20260621_191026.csv,2026-06-21 19:10:26,2026-06-21
TI 96829,350,,,,N/A,,fixed_price,carie_auktion_side_20260621_191026.csv,2026-06-21 19:10:26,2026-06-21
TI 111932,200,,,,N/A,,fixed_price,carie_auktion_side_20260622_202938.csv,2026-06-22 20:29:38,2026-06-22
TI 294444,,,600,0,01.07.2026,0,auction,carie_auktion_side_20260622_202938.csv,2026-06-22 20:29:38,2026-06-22
TI 2964,,,5600,21,24.06.2026,0,auction,carie_auktion_side_20260622_202938.csv,2026-06-22 20:29:38,2026-06-22
TI 43698,400,,,,N/A,,fixed_price,carie_auktion_side_20260622_202938.csv,2026-06-22 20:29:38,2026-06-22
TI 47896,400,,,,N/A,,fixed_price,carie_auktion_side_20260622_202938.csv,2026-06-22 20:29:38,2026-06-22
TI 59867,350,,,,N/A,,fixed_price,carie_auktion_side_20260622_202938.csv,2026-06-22 20:29:38,2026-06-22
TI 63846,400,,,,N/A,,fixed_price,carie_auktion_side_20260622_202938.csv,2026-06-22 20:29:38,2026-06-22
TI 67876,,,1000,2,24.06.2026,0,auction,carie_auktion_side_20260622_202938.csv,2026-06-22 20:29:38,2026-06-22
TI 72189,300,,,,N/A,,fixed_price,carie_auktion_side_20260622_202938.csv,2026-06-22 20:29:38,2026-06-22
TI 76628,400,,,,N/A,,fixed_price,carie_auktion_side_20260622_202938.csv,2026-06-22 20:29:38,2026-06-22
TI 952,,,7500,5,01.07.2026,0,auction,carie_auktion_side_20260622_202938.csv,2026-06-22 20:29:38,2026-06-22
TI 96829,350,,,,N/A,,fixed_price,carie_auktion_side_20260622_202938.csv,2026-06-22 20:29:38,2026-06-22
TI 111932,200,,,,N/A,,fixed_price,carie_auktion_side_20260623_194657.csv,2026-06-23 19:46:57,2026-06-23
TI 294444,,,600,0,01.07.2026,0,auction,carie_auktion_side_20260623_194657.csv,2026-06-23 19:46:57,2026-06-23
TI 2964,,,5600,21,24.06.2026,0,auction,carie_auktion_side_20260623_194657.csv,2026-06-23 19:46:57,2026-06-23
TI 43698,400,,,,N/A,,fixed_price,carie_auktion_side_20260623_194657.csv,2026-06-23 19:46:57,2026-06-23
TI 47896,400,,,,N/A,,fixed_price,carie_auktion_side_20260623_194657.csv,2026-06-23 19:46:57,2026-06-23
TI 59867,350,,,,N/A,,fixed_price,carie_auktion_side_20260623_194657.csv,2026-06-23 19:46:57,2026-06-23
TI 63846,400,,,,N/A,,fixed_price,carie_auktion_side_20260623_194657.csv,2026-06-23 19:46:57,2026-06-23
TI 67876,,,1200,5,24.06.2026,0,auction,carie_auktion_side_20260623_194657.csv,2026-06-23 19:46:57,2026-06-23
TI 72189,300,,,,N/A,,fixed_price,carie_auktion_side_20260623_194657.csv,2026-06-23 19:46:57,2026-06-23
TI 76628,400,,,,N/A,,fixed_price,carie_auktion_side_20260623_194657.csv,2026-06-23 19:46:57,2026-06-23
TI 952,,,7500,5,01.07.2026,0,auction,carie_auktion_side_20260623_194657.csv,2026-06-23 19:46:57,2026-06-23
TI 96829,350,,,,N/A,,fixed_price,carie_auktion_side_20260623_194657.csv,2026-06-23 19:46:57,2026-06-23
TI 10269,,,800,0,05.07.2026,0,auction,carie_auktion_side_20260624_192409.csv,2026-06-24 19:24:09,2026-06-24
TI 111932,200,,,,N/A,,fixed_price,carie_auktion_side_20260624_192409.csv,2026-06-24 19:24:09,2026-06-24
TI 294444,,,600,0,01.07.2026,0,auction,carie_auktion_side_20260624_192409.csv,2026-06-24 19:24:09,2026-06-24
TI 42100,,,600,0,05.07.2026,0,auction,carie_auktion_side_20260624_192409.csv,2026-06-24 19:24:09,2026-06-24
TI 43698,400,,,,N/A,,fixed_price,carie_auktion_side_20260624_192409.csv,2026-06-24 19:24:09,2026-06-24
TI 47896,400,,,,N/A,,fixed_price,carie_auktion_side_20260624_192409.csv,2026-06-24 19:24:09,2026-06-24
TI 59867,350,,,,N/A,,fixed_price,carie_auktion_side_20260624_192409.csv,2026-06-24 19:24:09,2026-06-24
TI 63846,400,,,,N/A,,fixed_price,carie_auktion_side_20260624_192409.csv,2026-06-24 19:24:09,2026-06-24
TI 72189,300,,,,N/A,,fixed_price,carie_auktion_side_20260624_192409.csv,2026-06-24 19:24:09,2026-06-24
TI 76628,400,,,,N/A,,fixed_price,carie_auktion_side_20260624_192409.csv,2026-06-24 19:24:09,2026-06-24
TI 952,,,7500,5,01.07.2026,0,auction,carie_auktion_side_20260624_192409.csv,2026-06-24 19:24:09,2026-06-24
TI 96829,350,,,,N/A,,fixed_price,carie_auktion_side_20260624_192409.csv,2026-06-24 19:24:09,2026-06-24
TI 10269,,,800,0,05.07.2026,0,auction,carie_auktion_side_20260625_194257.csv,2026-06-25 19:42:57,2026-06-25
TI 111932,200,,,,N/A,,fixed_price,carie_auktion_side_20260625_194257.csv,2026-06-25 19:42:57,2026-06-25
TI 294444,,,600,0,01.07.2026,0,auction,carie_auktion_side_20260625_194257.csv,2026-06-25 19:42:57,2026-06-25
TI 42100,,,650,1,05.07.2026,0,auction,carie_auktion_side_20260625_194257.csv,2026-06-25 19:42:57,2026-06-25
TI 43698,400,,,,N/A,,fixed_price,carie_auktion_side_20260625_194257.csv,2026-06-25 19:42:57,2026-06-25
TI 47896,400,,,,N/A,,fixed_price,carie_auktion_side_20260625_194257.csv,2026-06-25 19:42:57,2026-06-25
TI 59867,350,,,,N/A,,fixed_price,carie_auktion_side_20260625_194257.csv,2026-06-25 19:42:57,2026-06-25
TI 63846,400,,,,N/A,,fixed_price,carie_auktion_side_20260625_194257.csv,2026-06-25 19:42:57,2026-06-25
TI 72189,300,,,,N/A,,fixed_price,carie_auktion_side_20260625_194257.csv,2026-06-25 19:42:57,2026-06-25
TI 76628,400,,,,N/A,,fixed_price,carie_auktion_side_20260625_194257.csv,2026-06-25 19:42:57,2026-06-25
TI 952,,,7600,6,01.07.2026,0,auction,carie_auktion_side_20260625_194257.csv,2026-06-25 19:42:57,2026-06-25
TI 96829,350,,,,N/A,,fixed_price,carie_auktion_side_20260625_194257.csv,2026-06-25 19:42:57,2026-06-25
TI 10269,,,800,0,05.07.2026,0,auction,carie_auktion_side_20260626_192554.csv,2026-06-26 19:25:54,2026-06-26
TI 111932,200,,,,N/A,,fixed_price,carie_auktion_side_20260626_192554.csv,2026-06-26 19:25:54,2026-06-26
TI 294444,,,600,0,01.07.2026,0,auction,carie_auktion_side_20260626_192554.csv,2026-06-26 19:25:54,2026-06-26
TI 42100,,,650,1,05.07.2026,0,auction,carie_auktion_side_20260626_192554.csv,2026-06-26 19:25:54,2026-06-26
TI 43698,400,,,,N/A,,fixed_price,carie_auktion_side_20260626_192554.csv,2026-06-26 19:25:54,2026-06-26
TI 47896,400,,,,N/A,,fixed_price,carie_auktion_side_20260626_192554.csv,2026-06-26 19:25:54,2026-06-26
TI 59867,350,,,,N/A,,fixed_price,carie_auktion_side_20260626_192554.csv,2026-06-26 19:25:54,2026-06-26
TI 63846,400,,,,N/A,,fixed_price,carie_auktion_side_20260626_192554.csv,2026-06-26 19:25:54,2026-06-26
TI 72189,300,,,,N/A,,fixed_price,carie_auktion_side_20260626_192554.csv,2026-06-26 19:25:54,2026-06-26
TI 76628,400,,,,N/A,,fixed_price,carie_auktion_side_20260626_192554.csv,2026-06-26 19:25:54,2026-06-26
TI 952,,,7700,7,01.07.2026,0,auction,carie_auktion_side_20260626_192554.csv,2026-06-26 19:25:54,2026-06-26
TI 96829,350,,,,N/A,,fixed_price,carie_auktion_side_20260626_192554.csv,2026-06-26 19:25:54,2026-06-26
TI 10269,,,800,0,05.07.2026,0,auction,carie_auktion_side_20260627_190017.csv,2026-06-27 19:00:17,2026-06-27
TI 111932,200,,,,N/A,,fixed_price,carie_auktion_side_20260627_190017.csv,2026-06-27 19:00:17,2026-06-27
TI 294444,,,600,0,01.07.2026,0,auction,carie_auktion_side_20260627_190017.csv,2026-06-27 19:00:17,2026-06-27
TI 42100,,,650,1,05.07.2026,0,auction,carie_auktion_side_20260627_190017.csv,2026-06-27 19:00:17,2026-06-27
TI 43698,400,,,,N/A,,fixed_price,carie_auktion_side_20260627_190017.csv,2026-06-27 19:00:17,2026-06-27
TI 47896,400,,,,N/A,,fixed_price,carie_auktion_side_20260627_190017.csv,2026-06-27 19:00:17,2026-06-27
TI 59867,350,,,,N/A,,fixed_price,carie_auktion_side_20260627_190017.csv,2026-06-27 19:00:17,2026-06-27
TI 63846,400,,,,N/A,,fixed_price,carie_auktion_side_20260627_190017.csv,2026-06-27 19:00:17,2026-06-27
TI 72189,300,,,,N/A,,fixed_price,carie_auktion_side_20260627_190017.csv,2026-06-27 19:00:17,2026-06-27
TI 76628,400,,,,N/A,,fixed_price,carie_auktion_side_20260627_190017.csv,2026-06-27 19:00:17,2026-06-27
TI 952,,,7700,7,01.07.2026,0,auction,carie_auktion_side_20260627_190017.csv,2026-06-27 19:00:17,2026-06-27
TI 96829,350,,,,N/A,,fixed_price,carie_auktion_side_20260627_190017.csv,2026-06-27 19:00:17,2026-06-27
TI 10269,,,800,0,05.07.2026,0,auction,carie_auktion_side_20260628_185904.csv,2026-06-28 18:59:04,2026-06-28
TI 111932,200,,,,N/A,,fixed_price,carie_auktion_side_20260628_185904.csv,2026-06-28 18:59:04,2026-06-28
TI 294444,,,600,0,01.07.2026,0,auction,carie_auktion_side_20260628_185904.csv,2026-06-28 18:59:04,2026-06-28
TI 42100,,,650,1,05.07.2026,0,auction,carie_auktion_side_20260628_185904.csv,2026-06-28 18:59:04,2026-06-28
TI 43698,400,,,,N/A,,fixed_price,carie_auktion_side_20260628_185904.csv,2026-06-28 18:59:04,2026-06-28
TI 47896,400,,,,N/A,,fixed_price,carie_auktion_side_20260628_185904.csv,2026-06-28 18:59:04,2026-06-28
TI 59867,350,,,,N/A,,fixed_price,carie_auktion_side_20260628_185904.csv,2026-06-28 18:59:04,2026-06-28
TI 63846,400,,,,N/A,,fixed_price,carie_auktion_side_20260628_185904.csv,2026-06-28 18:59:04,2026-06-28
TI 72189,300,,,,N/A,,fixed_price,carie_auktion_side_20260628_185904.csv,2026-06-28 18:59:04,2026-06-28
TI 76628,400,,,,N/A,,fixed_price,carie_auktion_side_20260628_185904.csv,2026-06-28 18:59:04,2026-06-28
TI 952,,,7700,7,01.07.2026,0,auction,carie_auktion_side_20260628_185904.csv,2026-06-28 18:59:04,2026-06-28
TI 96829,350,,,,N/A,,fixed_price,carie_auktion_side_20260628_185904.csv,2026-06-28 18:59:04,2026-06-28
TI 10269,,,800,0,05.07.2026,0,auction,carie_auktion_side_20260629_192941.csv,2026-06-29 19:29:41,2026-06-29
TI 111932,200,,,,N/A,,fixed_price,carie_auktion_side_20260629_192941.csv,2026-06-29 19:29:41,2026-06-29
TI 294444,,,600,0,01.07.2026,0,auction,carie_auktion_side_20260629_192941.csv,2026-06-29 19:29:41,2026-06-29
TI 42100,,,650,1,05.07.2026,0,auction,carie_auktion_side_20260629_192941.csv,2026-06-29 19:29:41,2026-06-29
TI 43698,400,,,,N/A,,fixed_price,carie_auktion_side_20260629_192941.csv,2026-06-29 19:29:41,2026-06-29
TI 47896,400,,,,N/A,,fixed_price,carie_auktion_side_20260629_192941.csv,2026-06-29 19:29:41,2026-06-29
TI 59867,350,,,,N/A,,fixed_price,carie_auktion_side_20260629_192941.csv,2026-06-29 19:29:41,2026-06-29
TI 63846,400,,,,N/A,,fixed_price,carie_auktion_side_20260629_192941.csv,2026-06-29 19:29:41,2026-06-29
TI 72189,300,,,,N/A,,fixed_price,carie_auktion_side_20260629_192941.csv,2026-06-29 19:29:41,2026-06-29
TI 76628,400,,,,N/A,,fixed_price,carie_auktion_side_20260629_192941.csv,2026-06-29 19:29:41,2026-06-29
TI 952,,,8100,9,01.07.2026,0,auction,carie_auktion_side_20260629_192941.csv,2026-06-29 19:29:41,2026-06-29
TI 96829,350,,,,N/A,,fixed_price,carie_auktion_side_20260629_192941.csv,2026-06-29 19:29:41,2026-06-29
TI 10269,,,800,0,05.07.2026,0,auction,carie_auktion_side_20260630_192830.csv,2026-06-30 19:28:30,2026-06-30
TI 111932,200,,,,N/A,,fixed_price,carie_auktion_side_20260630_192830.csv,2026-06-30 19:28:30,2026-06-30
TI 294444,,,600,0,01.07.2026,0,auction,carie_auktion_side_20260630_192830.csv,2026-06-30 19:28:30,2026-06-30
TI 42100,,,650,1,05.07.2026,0,auction,carie_auktion_side_20260630_192830.csv,2026-06-30 19:28:30,2026-06-30
TI 43698,400,,,,N/A,,fixed_price,carie_auktion_side_20260630_192830.csv,2026-06-30 19:28:30,2026-06-30
TI 47896,400,,,,N/A,,fixed_price,carie_auktion_side_20260630_192830.csv,2026-06-30 19:28:30,2026-06-30
TI 59867,350,,,,N/A,,fixed_price,carie_auktion_side_20260630_192830.csv,2026-06-30 19:28:30,2026-06-30
TI 63846,400,,,,N/A,,fixed_price,carie_auktion_side_20260630_192830.csv,2026-06-30 19:28:30,2026-06-30
TI 72189,300,,,,N/A,,fixed_price,carie_auktion_side_20260630_192830.csv,2026-06-30 19:28:30,2026-06-30
TI 76628,400,,,,N/A,,fixed_price,carie_auktion_side_20260630_192830.csv,2026-06-30 19:28:30,2026-06-30
TI 952,,,8700,13,01.07.2026,0,auction,carie_auktion_side_20260630_192830.csv,2026-06-30 19:28:30,2026-06-30
TI 96829,350,,,,N/A,,fixed_price,carie_auktion_side_20260630_192830.csv,2026-06-30 19:28:30,2026-06-30
TI 10269,,,800,0,05.07.2026,0,auction,carie_auktion_side_20260701_192653.csv,2026-07-01 19:26:53,2026-07-01
TI 111932,200,,,,N/A,,fixed_price,carie_auktion_side_20260701_192653.csv,2026-07-01 19:26:53,2026-07-01
TI 328283,,,600,0,12.07.2026,0,auction,carie_auktion_side_20260701_192653.csv,2026-07-01 19:26:53,2026-07-01
TI 42100,,,700,2,05.07.2026,0,auction,carie_auktion_side_20260701_192653.csv,2026-07-01 19:26:53,2026-07-01
TI 43698,400,,,,N/A,,fixed_price,carie_auktion_side_20260701_192653.csv,2026-07-01 19:26:53,2026-07-01
TI 47896,400,,,,N/A,,fixed_price,carie_auktion_side_20260701_192653.csv,2026-07-01 19:26:53,2026-07-01
TI 569,,,5000,1,12.07.2026,0,auction,carie_auktion_side_20260701_192653.csv,2026-07-01 19:26:53,2026-07-01
TI 59867,350,,,,N/A,,fixed_price,carie_auktion_side_20260701_192653.csv,2026-07-01 19:26:53,2026-07-01
TI 63846,400,,,,N/A,,fixed_price,carie_auktion_side_20260701_192653.csv,2026-07-01 19:26:53,2026-07-01
TI 72189,300,,,,N/A,,fixed_price,carie_auktion_side_20260701_192653.csv,2026-07-01 19:26:53,2026-07-01
TI 76628,400,,,,N/A,,fixed_price,carie_auktion_side_20260701_192653.csv,2026-07-01 19:26:53,2026-07-01
TI 96829,350,,,,N/A,,fixed_price,carie_auktion_side_20260701_192653.csv,2026-07-01 19:26:53,2026-07-01
TI 10269,,,800,1,05.07.2026,0,auction,carie_auktion_side_20260702_190533.csv,2026-07-02 19:05:33,2026-07-02
TI 111932,200,,,,N/A,,fixed_price,carie_auktion_side_20260702_190533.csv,2026-07-02 19:05:33,2026-07-02
TI 328283,,,600,0,12.07.2026,0,auction,carie_auktion_side_20260702_190533.csv,2026-07-02 19:05:33,2026-07-02
TI 42100,,,700,2,05.07.2026,0,auction,carie_auktion_side_20260702_190533.csv,2026-07-02 19:05:33,2026-07-02
TI 43698,400,,,,N/A,,fixed_price,carie_auktion_side_20260702_190533.csv,2026-07-02 19:05:33,2026-07-02
TI 47896,400,,,,N/A,,fixed_price,carie_auktion_side_20260702_190533.csv,2026-07-02 19:05:33,2026-07-02
TI 569,,,8500,4,12.07.2026,0,auction,carie_auktion_side_20260702_190533.csv,2026-07-02 19:05:33,2026-07-02
TI 59867,350,,,,N/A,,fixed_price,carie_auktion_side_20260702_190533.csv,2026-07-02 19:05:33,2026-07-02
TI 63846,400,,,,N/A,,fixed_price,carie_auktion_side_20260702_190533.csv,2026-07-02 19:05:33,2026-07-02
TI 72189,300,,,,N/A,,fixed_price,carie_auktion_side_20260702_190533.csv,2026-07-02 19:05:33,2026-07-02
TI 76628,400,,,,N/A,,fixed_price,carie_auktion_side_20260702_190533.csv,2026-07-02 19:05:33,2026-07-02
TI 96829,350,,,,N/A,,fixed_price,carie_auktion_side_20260702_190533.csv,2026-07-02 19:05:33,2026-07-02
TI 10269,,,800,1,05.07.2026,0,auction,carie_auktion_side_20260703_185808.csv,2026-07-03 18:58:08,2026-07-03
TI 111932,200,,,,N/A,,fixed_price,carie_auktion_side_20260703_185808.csv,2026-07-03 18:58:08,2026-07-03
TI 328283,,,600,0,12.07.2026,0,auction,carie_auktion_side_20260703_185808.csv,2026-07-03 18:58:08,2026-07-03
TI 42100,,,700,2,05.07.2026,0,auction,carie_auktion_side_20260703_185808.csv,2026-07-03 18:58:08,2026-07-03
TI 43698,400,,,,N/A,,fixed_price,carie_auktion_side_20260703_185808.csv,2026-07-03 18:58:08,2026-07-03
TI 47896,400,,,,N/A,,fixed_price,carie_auktion_side_20260703_185808.csv,2026-07-03 18:58:08,2026-07-03
TI 569,,,8500,4,12.07.2026,0,auction,carie_auktion_side_20260703_185808.csv,2026-07-03 18:58:08,2026-07-03
TI 59867,350,,,,N/A,,fixed_price,carie_auktion_side_20260703_185808.csv,2026-07-03 18:58:08,2026-07-03
TI 63846,400,,,,N/A,,fixed_price,carie_auktion_side_20260703_185808.csv,2026-07-03 18:58:08,2026-07-03
TI 72189,300,,,,N/A,,fixed_price,carie_auktion_side_20260703_185808.csv,2026-07-03 18:58:08,2026-07-03
TI 76628,400,,,,N/A,,fixed_price,carie_auktion_side_20260703_185808.csv,2026-07-03 18:58:08,2026-07-03
TI 96829,350,,,,N/A,,fixed_price,carie_auktion_side_20260703_185808.csv,2026-07-03 18:58:08,2026-07-03
TI 10269,,,800,1,05.07.2026,0,auction,carie_auktion_side_20260704_185201.csv,2026-07-04 18:52:01,2026-07-04
TI 111932,200,,,,N/A,,fixed_price,carie_auktion_side_20260704_185201.csv,2026-07-04 18:52:01,2026-07-04
TI 328283,,,600,0,12.07.2026,0,auction,carie_auktion_side_20260704_185201.csv,2026-07-04 18:52:01,2026-07-04
TI 42100,,,700,2,05.07.2026,0,auction,carie_auktion_side_20260704_185201.csv,2026-07-04 18:52:01,2026-07-04
TI 43698,400,,,,N/A,,fixed_price,carie_auktion_side_20260704_185201.csv,2026-07-04 18:52:01,2026-07-04
TI 47896,400,,,,N/A,,fixed_price,carie_auktion_side_20260704_185201.csv,2026-07-04 18:52:01,2026-07-04
TI 569,,,12000,5,12.07.2026,0,auction,carie_auktion_side_20260704_185201.csv,2026-07-04 18:52:01,2026-07-04
TI 59867,350,,,,N/A,,fixed_price,carie_auktion_side_20260704_185201.csv,2026-07-04 18:52:01,2026-07-04
TI 63846,400,,,,N/A,,fixed_price,carie_auktion_side_20260704_185201.csv,2026-07-04 18:52:01,2026-07-04
TI 72189,300,,,,N/A,,fixed_price,carie_auktion_side_20260704_185201.csv,2026-07-04 18:52:01,2026-07-04
TI 76628,400,,,,N/A,,fixed_price,carie_auktion_side_20260704_185201.csv,2026-07-04 18:52:01,2026-07-04
TI 96829,350,,,,N/A,,fixed_price,carie_auktion_side_20260704_185201.csv,2026-07-04 18:52:01,2026-07-04
TI 111932,200,,,,N/A,,fixed_price,carie_auktion_side_20260705_185711.csv,2026-07-05 18:57:11,2026-07-05
TI 328283,,,600,1,12.07.2026,0,auction,carie_auktion_side_20260705_185711.csv,2026-07-05 18:57:11,2026-07-05
TI 43698,400,,,,N/A,,fixed_price,carie_auktion_side_20260705_185711.csv,2026-07-05 18:57:11,2026-07-05
TI 47896,400,,,,N/A,,fixed_price,carie_auktion_side_20260705_185711.csv,2026-07-05 18:57:11,2026-07-05
TI 569,,,12000,5,12.07.2026,0,auction,carie_auktion_side_20260705_185711.csv,2026-07-05 18:57:11,2026-07-05
TI 59867,350,,,,N/A,,fixed_price,carie_auktion_side_20260705_185711.csv,2026-07-05 18:57:11,2026-07-05
TI 63846,400,,,,N/A,,fixed_price,carie_auktion_side_20260705_185711.csv,2026-07-05 18:57:11,2026-07-05
TI 72189,300,,,,N/A,,fixed_price,carie_auktion_side_20260705_185711.csv,2026-07-05 18:57:11,2026-07-05
TI 76628,400,,,,N/A,,fixed_price,carie_auktion_side_20260705_185711.csv,2026-07-05 18:57:11,2026-07-05
TI 96829,350,,,,N/A,,fixed_price,carie_auktion_side_20260705_185711.csv,2026-07-05 18:57:11,2026-07-05
TI 10930,,,1000,2,15.07.2026,0,auction,carie_auktion_side_20260706_193520.csv,2026-07-06 19:35:20,2026-07-06
TI 111932,200,,,,N/A,,fixed_price,carie_auktion_side_20260706_193520.csv,2026-07-06 19:35:20,2026-07-06
TI 328283,,,600,1,12.07.2026,0,auction,carie_auktion_side_20260706_193520.csv,2026-07-06 19:35:20,2026-07-06
TI 43698,400,,,,N/A,,fixed_price,carie_auktion_side_20260706_193520.csv,2026-07-06 19:35:20,2026-07-06
TI 47896,400,,,,N/A,,fixed_price,carie_auktion_side_20260706_193520.csv,2026-07-06 19:35:20,2026-07-06
TI 569,,,12000,5,12.07.2026,0,auction,carie_auktion_side_20260706_193520.csv,2026-07-06 19:35:20,2026-07-06
TI 59867,350,,,,N/A,,fixed_price,carie_auktion_side_20260706_193520.csv,2026-07-06 19:35:20,2026-07-06
TI 63846,400,,,,N/A,,fixed_price,carie_auktion_side_20260706_193520.csv,2026-07-06 19:35:20,2026-07-06
TI 72189,300,,,,N/A,,fixed_price,carie_auktion_side_20260706_193520.csv,2026-07-06 19:35:20,2026-07-06
TI 76628,400,,,,N/A,,fixed_price,carie_auktion_side_20260706_193520.csv,2026-07-06 19:35:20,2026-07-06
TI 96829,350,,,,N/A,,fixed_price,carie_auktion_side_20260706_193520.csv,2026-07-06 19:35:20,2026-07-06
TI 98198,,,650,1,15.07.2026,0,auction,carie_auktion_side_20260706_193520.csv,2026-07-06 19:35:20,2026-07-06
TI 10930,,,1000,2,15.07.2026,0,auction,carie_auktion_side_20260707_192952.csv,2026-07-07 19:29:52,2026-07-07
TI 111932,200,,,,N/A,,fixed_price,carie_auktion_side_20260707_192952.csv,2026-07-07 19:29:52,2026-07-07
TI 328283,,,600,1,12.07.2026,0,auction,carie_auktion_side_20260707_192952.csv,2026-07-07 19:29:52,2026-07-07
TI 43698,400,,,,N/A,,fixed_price,carie_auktion_side_20260707_192952.csv,2026-07-07 19:29:52,2026-07-07
TI 47896,400,,,,N/A,,fixed_price,carie_auktion_side_20260707_192952.csv,2026-07-07 19:29:52,2026-07-07
TI 569,,,12000,5,12.07.2026,0,auction,carie_auktion_side_20260707_192952.csv,2026-07-07 19:29:52,2026-07-07
TI 59867,350,,,,N/A,,fixed_price,carie_auktion_side_20260707_192952.csv,2026-07-07 19:29:52,2026-07-07
TI 63846,400,,,,N/A,,fixed_price,carie_auktion_side_20260707_192952.csv,2026-07-07 19:29:52,2026-07-07
TI 72189,300,,,,N/A,,fixed_price,carie_auktion_side_20260707_192952.csv,2026-07-07 19:29:52,2026-07-07
TI 76628,400,,,,N/A,,fixed_price,carie_auktion_side_20260707_192952.csv,2026-07-07 19:29:52,2026-07-07
TI 96829,350,,,,N/A,,fixed_price,carie_auktion_side_20260707_192952.csv,2026-07-07 19:29:52,2026-07-07
TI 98198,,,650,1,15.07.2026,0,auction,carie_auktion_side_20260707_192952.csv,2026-07-07 19:29:52,2026-07-07
TI 10930,,,1000,2,15.07.2026,0,auction,carie_auktion_side_20260708_190232.csv,2026-07-08 19:02:32,2026-07-08
TI 111932,200,,,,N/A,,fixed_price,carie_auktion_side_20260708_190232.csv,2026-07-08 19:02:32,2026-07-08
TI 328283,,,600,1,12.07.2026,0,auction,carie_auktion_side_20260708_190232.csv,2026-07-08 19:02:32,2026-07-08
TI 43698,400,,,,N/A,,fixed_price,carie_auktion_side_20260708_190232.csv,2026-07-08 19:02:32,2026-07-08
TI 47896,400,,,,N/A,,fixed_price,carie_auktion_side_20260708_190232.csv,2026-07-08 19:02:32,2026-07-08
TI 569,,,12000,5,12.07.2026,0,auction,carie_auktion_side_20260708_190232.csv,2026-07-08 19:02:32,2026-07-08
TI 59867,350,,,,N/A,,fixed_price,carie_auktion_side_20260708_190232.csv,2026-07-08 19:02:32,2026-07-08
TI 63846,400,,,,N/A,,fixed_price,carie_auktion_side_20260708_190232.csv,2026-07-08 19:02:32,2026-07-08
TI 72189,300,,,,N/A,,fixed_price,carie_auktion_side_20260708_190232.csv,2026-07-08 19:02:32,2026-07-08
TI 76628,400,,,,N/A,,fixed_price,carie_auktion_side_20260708_190232.csv,2026-07-08 19:02:32,2026-07-08
TI 96829,350,,,,N/A,,fixed_price,carie_auktion_side_20260708_190232.csv,2026-07-08 19:02:32,2026-07-08
TI 98198,,,650,1,15.07.2026,0,auction,carie_auktion_side_20260708_190232.csv,2026-07-08 19:02:32,2026-07-08
TI 10930,,,1000,2,15.07.2026,0,auction,carie_auktion_side_20260709_191801.csv,2026-07-09 19:18:01,2026-07-09
TI 111932,200,,,,N/A,,fixed_price,carie_auktion_side_20260709_191801.csv,2026-07-09 19:18:01,2026-07-09
TI 328283,,,600,1,12.07.2026,0,auction,carie_auktion_side_20260709_191801.csv,2026-07-09 19:18:01,2026-07-09
TI 43698,400,,,,N/A,,fixed_price,carie_auktion_side_20260709_191801.csv,2026-07-09 19:18:01,2026-07-09
TI 47896,400,,,,N/A,,fixed_price,carie_auktion_side_20260709_191801.csv,2026-07-09 19:18:01,2026-07-09
TI 569,,,12000,5,12.07.2026,0,auction,carie_auktion_side_20260709_191801.csv,2026-07-09 19:18:01,2026-07-09
TI 59867,350,,,,N/A,,fixed_price,carie_auktion_side_20260709_191801.csv,2026-07-09 19:18:01,2026-07-09
TI 63846,400,,,,N/A,,fixed_price,carie_auktion_side_20260709_191801.csv,2026-07-09 19:18:01,2026-07-09
TI 72189,300,,,,N/A,,fixed_price,carie_auktion_side_20260709_191801.csv,2026-07-09 19:18:01,2026-07-09
TI 76628,400,,,,N/A,,fixed_price,carie_auktion_side_20260709_191801.csv,2026-07-09 19:18:01,2026-07-09
TI 96829,350,,,,N/A,,fixed_price,carie_auktion_side_20260709_191801.csv,2026-07-09 19:18:01,2026-07-09
TI 98198,,,650,1,15.07.2026,0,auction,carie_auktion_side_20260709_191801.csv,2026-07-09 19:18:01,2026-07-09
TI 10930,,,1050,3,15.07.2026,0,auction,carie_auktion_side_20260710_191238.csv,2026-07-10 19:12:38,2026-07-10
TI 111932,200,,,,N/A,,fixed_price,carie_auktion_side_20260710_191238.csv,2026-07-10 19:12:38,2026-07-10
TI 328283,,,600,1,12.07.2026,0,auction,carie_auktion_side_20260710_191238.csv,2026-07-10 19:12:38,2026-07-10
TI 43698,400,,,,N/A,,fixed_price,carie_auktion_side_20260710_191238.csv,2026-07-10 19:12:38,2026-07-10
TI 47896,400,,,,N/A,,fixed_price,carie_auktion_side_20260710_191238.csv,2026-07-10 19:12:38,2026-07-10
TI 569,,,13000,6,12.07.2026,0,auction,carie_auktion_side_20260710_191238.csv,2026-07-10 19:12:38,2026-07-10
TI 59867,350,,,,N/A,,fixed_price,carie_auktion_side_20260710_191238.csv,2026-07-10 19:12:38,2026-07-10
TI 63846,400,,,,N/A,,fixed_price,carie_auktion_side_20260710_191238.csv,2026-07-10 19:12:38,2026-07-10
TI 72189,300,,,,N/A,,fixed_price,carie_auktion_side_20260710_191238.csv,2026-07-10 19:12:38,2026-07-10
TI 76628,400,,,,N/A,,fixed_price,carie_auktion_side_20260710_191238.csv,2026-07-10 19:12:38,2026-07-10
TI 96829,350,,,,N/A,,fixed_price,carie_auktion_side_20260710_191238.csv,2026-07-10 19:12:38,2026-07-10
TI 98198,,,650,1,15.07.2026,0,auction,carie_auktion_side_20260710_191238.csv,2026-07-10 19:12:38,2026-07-10
TI 10930,,,1050,3,15.07.2026,0,auction,carie_auktion_side_20260711_184121.csv,2026-07-11 18:41:21,2026-07-11
TI 111932,200,,,,N/A,,fixed_price,carie_auktion_side_20260711_184121.csv,2026-07-11 18:41:21,2026-07-11
TI 328283,,,600,1,12.07.2026,0,auction,carie_auktion_side_20260711_184121.csv,2026-07-11 18:41:21,2026-07-11
TI 43698,400,,,,N/A,,fixed_price,carie_auktion_side_20260711_184121.csv,2026-07-11 18:41:21,2026-07-11
TI 47896,400,,,,N/A,,fixed_price,carie_auktion_side_20260711_184121.csv,2026-07-11 18:41:21,2026-07-11
TI 569,,,13000,6,12.07.2026,0,auction,carie_auktion_side_20260711_184121.csv,2026-07-11 18:41:21,2026-07-11
TI 59867,350,,,,N/A,,fixed_price,carie_auktion_side_20260711_184121.csv,2026-07-11 18:41:21,2026-07-11
TI 63846,400,,,,N/A,,fixed_price,carie_auktion_side_20260711_184121.csv,2026-07-11 18:41:21,2026-07-11
TI 72189,300,,,,N/A,,fixed_price,carie_auktion_side_20260711_184121.csv,2026-07-11 18:41:21,2026-07-11
TI 76628,400,,,,N/A,,fixed_price,carie_auktion_side_20260711_184121.csv,2026-07-11 18:41:21,2026-07-11
TI 96829,350,,,,N/A,,fixed_price,carie_auktion_side_20260711_184121.csv,2026-07-11 18:41:21,2026-07-11
TI 98198,,,700,2,15.07.2026,0,auction,carie_auktion_side_20260711_184121.csv,2026-07-11 18:41:21,2026-07-11
TI 10930,,,1050,3,15.07.2026,0,auction,carie_auktion_side_20260712_184516.csv,2026-07-12 18:45:16,2026-07-12
TI 111932,200,,,,N/A,,fixed_price,carie_auktion_side_20260712_184516.csv,2026-07-12 18:45:16,2026-07-12
TI 43698,400,,,,N/A,,fixed_price,carie_auktion_side_20260712_184516.csv,2026-07-12 18:45:16,2026-07-12
TI 47896,400,,,,N/A,,fixed_price,carie_auktion_side_20260712_184516.csv,2026-07-12 18:45:16,2026-07-12
TI 59867,350,,,,N/A,,fixed_price,carie_auktion_side_20260712_184516.csv,2026-07-12 18:45:16,2026-07-12
TI 63846,400,,,,N/A,,fixed_price,carie_auktion_side_20260712_184516.csv,2026-07-12 18:45:16,2026-07-12
TI 72189,300,,,,N/A,,fixed_price,carie_auktion_side_20260712_184516.csv,2026-07-12 18:45:16,2026-07-12
TI 76628,400,,,,N/A,,fixed_price,carie_auktion_side_20260712_184516.csv,2026-07-12 18:45:16,2026-07-12
TI 96829,350,,,,N/A,,fixed_price,carie_auktion_side_20260712_184516.csv,2026-07-12 18:45:16,2026-07-12
TI 98198,,,700,2,15.07.2026,0,auction,carie_auktion_side_20260712_184516.csv,2026-07-12 18:45:16,2026-07-12
TI 10930,,,1050,3,15.07.2026,0,auction,carie_auktion_side_20260713_190755.csv,2026-07-13 19:07:55,2026-07-13
TI 111932,200,,,,N/A,,fixed_price,carie_auktion_side_20260713_190755.csv,2026-07-13 19:07:55,2026-07-13
TI 255558,,,500,0,22.07.2026,0,auction,carie_auktion_side_20260713_190755.csv,2026-07-13 19:07:55,2026-07-13
TI 43698,400,,,,N/A,,fixed_price,carie_auktion_side_20260713_190755.csv,2026-07-13 19:07:55,2026-07-13
TI 47896,400,,,,N/A,,fixed_price,carie_auktion_side_20260713_190755.csv,2026-07-13 19:07:55,2026-07-13
TI 59867,350,,,,N/A,,fixed_price,carie_auktion_side_20260713_190755.csv,2026-07-13 19:07:55,2026-07-13
TI 63846,400,,,,N/A,,fixed_price,carie_auktion_side_20260713_190755.csv,2026-07-13 19:07:55,2026-07-13
TI 72189,300,,,,N/A,,fixed_price,carie_auktion_side_20260713_190755.csv,2026-07-13 19:07:55,2026-07-13
TI 76628,400,,,,N/A,,fixed_price,carie_auktion_side_20260713_190755.csv,2026-07-13 19:07:55,2026-07-13
TI 806,,,6600,7,22.07.2026,0,auction,carie_auktion_side_20260713_190755.csv,2026-07-13 19:07:55,2026-07-13
TI 96829,350,,,,N/A,,fixed_price,carie_auktion_side_20260713_190755.csv,2026-07-13 19:07:55,2026-07-13
TI 98198,,,800,4,15.07.2026,0,auction,carie_auktion_side_20260713_190755.csv,2026-07-13 19:07:55,2026-07-13
TI 10930,,,1150,5,15.07.2026,0,auction,carie_auktion_side_20260714_185822.csv,2026-07-14 18:58:22,2026-07-14
TI 111932,200,,,,N/A,,fixed_price,carie_auktion_side_20260714_185822.csv,2026-07-14 18:58:22,2026-07-14
TI 255558,,,500,0,22.07.2026,0,auction,carie_auktion_side_20260714_185822.csv,2026-07-14 18:58:22,2026-07-14
TI 43698,400,,,,N/A,,fixed_price,carie_auktion_side_20260714_185822.csv,2026-07-14 18:58:22,2026-07-14
TI 47896,400,,,,N/A,,fixed_price,carie_auktion_side_20260714_185822.csv,2026-07-14 18:58:22,2026-07-14
TI 59867,350,,,,N/A,,fixed_price,carie_auktion_side_20260714_185822.csv,2026-07-14 18:58:22,2026-07-14
TI 63846,400,,,,N/A,,fixed_price,carie_auktion_side_20260714_185822.csv,2026-07-14 18:58:22,2026-07-14
TI 72189,300,,,,N/A,,fixed_price,carie_auktion_side_20260714_185822.csv,2026-07-14 18:58:22,2026-07-14
TI 76628,400,,,,N/A,,fixed_price,carie_auktion_side_20260714_185822.csv,2026-07-14 18:58:22,2026-07-14
TI 806,,,12000,9,22.07.2026,0,auction,carie_auktion_side_20260714_185822.csv,2026-07-14 18:58:22,2026-07-14
TI 96829,350,,,,N/A,,fixed_price,carie_auktion_side_20260714_185822.csv,2026-07-14 18:58:22,2026-07-14
TI 98198,,,850,5,15.07.2026,0,auction,carie_auktion_side_20260714_185822.csv,2026-07-14 18:58:22,2026-07-14
TI 111932,200,,,,N/A,,fixed_price,carie_auktion_side_20260715_185112.csv,2026-07-15 18:51:12,2026-07-15
TI 255558,,,500,0,22.07.2026,0,auction,carie_auktion_side_20260715_185112.csv,2026-07-15 18:51:12,2026-07-15
TI 43698,400,,,,N/A,,fixed_price,carie_auktion_side_20260715_185112.csv,2026-07-15 18:51:12,2026-07-15
TI 47896,400,,,,N/A,,fixed_price,carie_auktion_side_20260715_185112.csv,2026-07-15 18:51:12,2026-07-15
TI 59867,350,,,,N/A,,fixed_price,carie_auktion_side_20260715_185112.csv,2026-07-15 18:51:12,2026-07-15
TI 63846,400,,,,N/A,,fixed_price,carie_auktion_side_20260715_185112.csv,2026-07-15 18:51:12,2026-07-15
TI 72189,300,,,,N/A,,fixed_price,carie_auktion_side_20260715_185112.csv,2026-07-15 18:51:12,2026-07-15
TI 76628,400,,,,N/A,,fixed_price,carie_auktion_side_20260715_185112.csv,2026-07-15 18:51:12,2026-07-15
TI 806,,,12000,9,22.07.2026,0,auction,carie_auktion_side_20260715_185112.csv,2026-07-15 18:51:12,2026-07-15
TI 96829,350,,,,N/A,,fixed_price,carie_auktion_side_20260715_185112.csv,2026-07-15 18:51:12,2026-07-15
TI 111932,200,,,,N/A,,fixed_price,carie_auktion_side_20260716_185207.csv,2026-07-16 18:52:07,2026-07-16
TI 255558,,,500,0,22.07.2026,0,auction,carie_auktion_side_20260716_185207.csv,2026-07-16 18:52:07,2026-07-16
TI 4296,,,3600,5,26.07.2026,0,auction,carie_auktion_side_20260716_185207.csv,2026-07-16 18:52:07,2026-07-16
TI 43698,400,,,,N/A,,fixed_price,carie_auktion_side_20260716_185207.csv,2026-07-16 18:52:07,2026-07-16
TI 47896,400,,,,N/A,,fixed_price,carie_auktion_side_20260716_185207.csv,2026-07-16 18:52:07,2026-07-16
TI 59867,350,,,,N/A,,fixed_price,carie_auktion_side_20260716_185207.csv,2026-07-16 18:52:07,2026-07-16
TI 63846,400,,,,N/A,,fixed_price,carie_auktion_side_20260716_185207.csv,2026-07-16 18:52:07,2026-07-16
TI 72189,300,,,,N/A,,fixed_price,carie_auktion_side_20260716_185207.csv,2026-07-16 18:52:07,2026-07-16
TI 76628,400,,,,N/A,,fixed_price,carie_auktion_side_20260716_185207.csv,2026-07-16 18:52:07,2026-07-16
TI 806,,,12000,9,22.07.2026,0,auction,carie_auktion_side_20260716_185207.csv,2026-07-16 18:52:07,2026-07-16
TI 91180,,,1000,1,26.07.2026,0,auction,carie_auktion_side_20260716_185207.csv,2026-07-16 18:52:07,2026-07-16
TI 96829,350,,,,N/A,,fixed_price,carie_auktion_side_20260716_185207.csv,2026-07-16 18:52:07,2026-07-16
TI 111932,200,,,,N/A,,fixed_price,carie_auktion_side_20260717_184934.csv,2026-07-17 18:49:34,2026-07-17
TI 255558,,,500,1,22.07.2026,0,auction,carie_auktion_side_20260717_184934.csv,2026-07-17 18:49:34,2026-07-17
TI 4296,,,4600,9,26.07.2026,0,auction,carie_auktion_side_20260717_184934.csv,2026-07-17 18:49:34,2026-07-17
TI 43698,400,,,,N/A,,fixed_price,carie_auktion_side_20260717_184934.csv,2026-07-17 18:49:34,2026-07-17
TI 47896,400,,,,N/A,,fixed_price,carie_auktion_side_20260717_184934.csv,2026-07-17 18:49:34,2026-07-17
TI 59867,350,,,,N/A,,fixed_price,carie_auktion_side_20260717_184934.csv,2026-07-17 18:49:34,2026-07-17
TI 63846,400,,,,N/A,,fixed_price,carie_auktion_side_20260717_184934.csv,2026-07-17 18:49:34,2026-07-17
TI 72189,300,,,,N/A,,fixed_price,carie_auktion_side_20260717_184934.csv,2026-07-17 18:49:34,2026-07-17
TI 76628,400,,,,N/A,,fixed_price,carie_auktion_side_20260717_184934.csv,2026-07-17 18:49:34,2026-07-17
TI 806,,,12000,9,22.07.2026,0,auction,carie_auktion_side_20260717_184934.csv,2026-07-17 18:49:34,2026-07-17
TI 91180,,,1050,2,26.07.2026,0,auction,carie_auktion_side_20260717_184934.csv,2026-07-17 18:49:34,2026-07-17
TI 96829,350,,,,N/A,,fixed_price,carie_auktion_side_20260717_184934.csv,2026-07-17 18:49:34,2026-07-17
TI 111932,200,,,,N/A,,fixed_price,carie_auktion_side_20260718_184255.csv,2026-07-18 18:42:55,2026-07-18
TI 255558,,,500,1,22.07.2026,0,auction,carie_auktion_side_20260718_184255.csv,2026-07-18 18:42:55,2026-07-18
TI 4296,,,4600,9,26.07.2026,0,auction,carie_auktion_side_20260718_184255.csv,2026-07-18 18:42:55,2026-07-18
TI 43698,400,,,,N/A,,fixed_price,carie_auktion_side_20260718_184255.csv,2026-07-18 18:42:55,2026-07-18
TI 47896,400,,,,N/A,,fixed_price,carie_auktion_side_20260718_184255.csv,2026-07-18 18:42:55,2026-07-18
TI 59867,350,,,,N/A,,fixed_price,carie_auktion_side_20260718_184255.csv,2026-07-18 18:42:55,2026-07-18
TI 63846,400,,,,N/A,,fixed_price,carie_auktion_side_20260718_184255.csv,2026-07-18 18:42:55,2026-07-18
TI 72189,300,,,,N/A,,fixed_price,carie_auktion_side_20260718_184255.csv,2026-07-18 18:42:55,2026-07-18
TI 76628,400,,,,N/A,,fixed_price,carie_auktion_side_20260718_184255.csv,2026-07-18 18:42:55,2026-07-18
TI 806,,,12000,9,22.07.2026,0,auction,carie_auktion_side_20260718_184255.csv,2026-07-18 18:42:55,2026-07-18
TI 91180,,,1050,2,26.07.2026,0,auction,carie_auktion_side_20260718_184255.csv,2026-07-18 18:42:55,2026-07-18
TI 96829,350,,,,N/A,,fixed_price,carie_auktion_side_20260718_184255.csv,2026-07-18 18:42:55,2026-07-18
TI 111932,200,,,,N/A,,fixed_price,carie_auktion_side_20260719_184507.csv,2026-07-19 18:45:07,2026-07-19
TI 255558,,,500,1,22.07.2026,0,auction,carie_auktion_side_20260719_184507.csv,2026-07-19 18:45:07,2026-07-19
TI 4296,,,4600,9,26.07.2026,0,auction,carie_auktion_side_20260719_184507.csv,2026-07-19 18:45:07,2026-07-19
TI 43698,400,,,,N/A,,fixed_price,carie_auktion_side_20260719_184507.csv,2026-07-19 18:45:07,2026-07-19
TI 47896,400,,,,N/A,,fixed_price,carie_auktion_side_20260719_184507.csv,2026-07-19 18:45:07,2026-07-19
TI 59867,350,,,,N/A,,fixed_price,carie_auktion_side_20260719_184507.csv,2026-07-19 18:45:07,2026-07-19
TI 63846,400,,,,N/A,,fixed_price,carie_auktion_side_20260719_184507.csv,2026-07-19 18:45:07,2026-07-19
TI 72189,300,,,,N/A,,fixed_price,carie_auktion_side_20260719_184507.csv,2026-07-19 18:45:07,2026-07-19
TI 76628,400,,,,N/A,,fixed_price,carie_auktion_side_20260719_184507.csv,2026-07-19 18:45:07,2026-07-19
TI 806,,,12500,10,22.07.2026,0,auction,carie_auktion_side_20260719_184507.csv,2026-07-19 18:45:07,2026-07-19
TI 91180,,,1050,2,26.07.2026,0,auction,carie_auktion_side_20260719_184507.csv,2026-07-19 18:45:07,2026-07-19
TI 96829,350,,,,N/A,,fixed_price,carie_auktion_side_20260719_184507.csv,2026-07-19 18:45:07,2026-07-19
TI 111932,200,,,,N/A,,fixed_price,carie_auktion_side_20260720_192112.csv,2026-07-20 19:21:12,2026-07-20
TI 255558,,,500,1,22.07.2026,0,auction,carie_auktion_side_20260720_192112.csv,2026-07-20 19:21:12,2026-07-20
TI 4296,,,4600,9,26.07.2026,0,auction,carie_auktion_side_20260720_192112.csv,2026-07-20 19:21:12,2026-07-20
TI 43698,400,,,,N/A,,fixed_price,carie_auktion_side_20260720_192112.csv,2026-07-20 19:21:12,2026-07-20
TI 47896,400,,,,N/A,,fixed_price,carie_auktion_side_20260720_192112.csv,2026-07-20 19:21:12,2026-07-20
TI 59867,350,,,,N/A,,fixed_price,carie_auktion_side_20260720_192112.csv,2026-07-20 19:21:12,2026-07-20
TI 63846,400,,,,N/A,,fixed_price,carie_auktion_side_20260720_192112.csv,2026-07-20 19:21:12,2026-07-20
TI 72189,300,,,,N/A,,fixed_price,carie_auktion_side_20260720_192112.csv,2026-07-20 19:21:12,2026-07-20
TI 76628,400,,,,N/A,,fixed_price,carie_auktion_side_20260720_192112.csv,2026-07-20 19:21:12,2026-07-20
TI 806,,,12500,10,22.07.2026,0,auction,carie_auktion_side_20260720_192112.csv,2026-07-20 19:21:12,2026-07-20
TI 91180,,,1250,3,26.07.2026,0,auction,carie_auktion_side_20260720_192112.csv,2026-07-20 19:21:12,2026-07-20
TI 96829,350,,,,N/A,,fixed_price,carie_auktion_side_20260720_192112.csv,2026-07-20 19:21:12,2026-07-20
TI 111932,200,,,,N/A,,fixed_price,carie_auktion_side_20260721_190042.csv,2026-07-21 19:00:42,2026-07-21
TI 255558,,,500,1,22.07.2026,0,auction,carie_auktion_side_20260721_190042.csv,2026-07-21 19:00:42,2026-07-21
TI 4296,,,4600,9,26.07.2026,0,auction,carie_auktion_side_20260721_190042.csv,2026-07-21 19:00:42,2026-07-21
TI 43698,400,,,,N/A,,fixed_price,carie_auktion_side_20260721_190042.csv,2026-07-21 19:00:42,2026-07-21
TI 47896,400,,,,N/A,,fixed_price,carie_auktion_side_20260721_190042.csv,2026-07-21 19:00:42,2026-07-21
TI 59867,350,,,,N/A,,fixed_price,carie_auktion_side_20260721_190042.csv,2026-07-21 19:00:42,2026-07-21
TI 63846,400,,,,N/A,,fixed_price,carie_auktion_side_20260721_190042.csv,2026-07-21 19:00:42,2026-07-21
TI 72189,300,,,,N/A,,fixed_price,carie_auktion_side_20260721_190042.csv,2026-07-21 19:00:42,2026-07-21
TI 76628,400,,,,N/A,,fixed_price,carie_auktion_side_20260721_190042.csv,2026-07-21 19:00:42,2026-07-21
TI 806,,,15000,12,22.07.2026,0,auction,carie_auktion_side_20260721_190042.csv,2026-07-21 19:00:42,2026-07-21
TI 91180,,,1250,3,26.07.2026,0,auction,carie_auktion_side_20260721_190042.csv,2026-07-21 19:00:42,2026-07-21
TI 96829,350,,,,N/A,,fixed_price,carie_auktion_side_20260721_190042.csv,2026-07-21 19:00:42,2026-07-21
TI 111932,200,,,,N/A,,fixed_price,carie_auktion_side_20260722_185322.csv,2026-07-22 18:53:22,2026-07-22
TI 4296,,,4600,9,26.07.2026,0,auction,carie_auktion_side_20260722_185322.csv,2026-07-22 18:53:22,2026-07-22
TI 43698,400,,,,N/A,,fixed_price,carie_auktion_side_20260722_185322.csv,2026-07-22 18:53:22,2026-07-22
TI 47896,400,,,,N/A,,fixed_price,carie_auktion_side_20260722_185322.csv,2026-07-22 18:53:22,2026-07-22
TI 59867,350,,,,N/A,,fixed_price,carie_auktion_side_20260722_185322.csv,2026-07-22 18:53:22,2026-07-22
TI 63846,400,,,,N/A,,fixed_price,carie_auktion_side_20260722_185322.csv,2026-07-22 18:53:22,2026-07-22
TI 72189,300,,,,N/A,,fixed_price,carie_auktion_side_20260722_185322.csv,2026-07-22 18:53:22,2026-07-22
TI 76628,400,,,,N/A,,fixed_price,carie_auktion_side_20260722_185322.csv,2026-07-22 18:53:22,2026-07-22
TI 91180,,,1400,5,26.07.2026,0,auction,carie_auktion_side_20260722_185322.csv,2026-07-22 18:53:22,2026-07-22
TI 96829,350,,,,N/A,,fixed_price,carie_auktion_side_20260722_185322.csv,2026-07-22 18:53:22,2026-07-22
TI 10136,,,900,1,02.08.2026,0,auction,carie_auktion_side_20260723_185606.csv,2026-07-23 18:56:06,2026-07-23
TI 111932,200,,,,N/A,,fixed_price,carie_auktion_side_20260723_185606.csv,2026-07-23 18:56:06,2026-07-23
TI 4296,,,4900,11,26.07.2026,0,auction,carie_auktion_side_20260723_185606.csv,2026-07-23 18:56:06,2026-07-23
TI 43698,400,,,,N/A,,fixed_price,carie_auktion_side_20260723_185606.csv,2026-07-23 18:56:06,2026-07-23
TI 47896,400,,,,N/A,,fixed_price,carie_auktion_side_20260723_185606.csv,2026-07-23 18:56:06,2026-07-23
TI 59867,350,,,,N/A,,fixed_price,carie_auktion_side_20260723_185606.csv,2026-07-23 18:56:06,2026-07-23
TI 63846,400,,,,N/A,,fixed_price,carie_auktion_side_20260723_185606.csv,2026-07-23 18:56:06,2026-07-23
TI 72189,300,,,,N/A,,fixed_price,carie_auktion_side_20260723_185606.csv,2026-07-23 18:56:06,2026-07-23
TI 734,,,14000,8,02.08.2026,0,auction,carie_auktion_side_20260723_185606.csv,2026-07-23 18:56:06,2026-07-23
TI 76628,400,,,,N/A,,fixed_price,carie_auktion_side_20260723_185606.csv,2026-07-23 18:56:06,2026-07-23
TI 91180,,,1400,5,26.07.2026,0,auction,carie_auktion_side_20260723_185606.csv,2026-07-23 18:56:06,2026-07-23
TI 96829,350,,,,N/A,,fixed_price,carie_auktion_side_20260723_185606.csv,2026-07-23 18:56:06,2026-07-23
TI 10136,,,900,1,02.08.2026,0,auction,carie_auktion_side_20260724_190801.csv,2026-07-24 19:08:01,2026-07-24
TI 111932,200,,,,N/A,,fixed_price,carie_auktion_side_20260724_190801.csv,2026-07-24 19:08:01,2026-07-24
TI 4296,,,4900,11,26.07.2026,0,auction,carie_auktion_side_20260724_190801.csv,2026-07-24 19:08:01,2026-07-24
TI 43698,400,,,,N/A,,fixed_price,carie_auktion_side_20260724_190801.csv,2026-07-24 19:08:01,2026-07-24
TI 47896,400,,,,N/A,,fixed_price,carie_auktion_side_20260724_190801.csv,2026-07-24 19:08:01,2026-07-24
TI 59867,350,,,,N/A,,fixed_price,carie_auktion_side_20260724_190801.csv,2026-07-24 19:08:01,2026-07-24
TI 63846,400,,,,N/A,,fixed_price,carie_auktion_side_20260724_190801.csv,2026-07-24 19:08:01,2026-07-24
TI 72189,300,,,,N/A,,fixed_price,carie_auktion_side_20260724_190801.csv,2026-07-24 19:08:01,2026-07-24
TI 734,,,14000,8,02.08.2026,0,auction,carie_auktion_side_20260724_190801.csv,2026-07-24 19:08:01,2026-07-24
TI 76628,400,,,,N/A,,fixed_price,carie_auktion_side_20260724_190801.csv,2026-07-24 19:08:01,2026-07-24
TI 91180,,,1450,6,26.07.2026,0,auction,carie_auktion_side_20260724_190801.csv,2026-07-24 19:08:01,2026-07-24
TI 96829,350,,,,N/A,,fixed_price,carie_auktion_side_20260724_190801.csv,2026-07-24 19:08:01,2026-07-24
TI 10136,,,900,1,02.08.2026,0,auction,carie_auktion_side_20260725_184608.csv,2026-07-25 18:46:08,2026-07-25
TI 111932,200,,,,N/A,,fixed_price,carie_auktion_side_20260725_184608.csv,2026-07-25 18:46:08,2026-07-25
TI 4296,,,5500,14,26.07.2026,0,auction,carie_auktion_side_20260725_184608.csv,2026-07-25 18:46:08,2026-07-25
TI 43698,400,,,,N/A,,fixed_price,carie_auktion_side_20260725_184608.csv,2026-07-25 18:46:08,2026-07-25
TI 47896,400,,,,N/A,,fixed_price,carie_auktion_side_20260725_184608.csv,2026-07-25 18:46:08,2026-07-25
TI 59867,350,,,,N/A,,fixed_price,carie_auktion_side_20260725_184608.csv,2026-07-25 18:46:08,2026-07-25
TI 63846,400,,,,N/A,,fixed_price,carie_auktion_side_20260725_184608.csv,2026-07-25 18:46:08,2026-07-25
TI 72189,300,,,,N/A,,fixed_price,carie_auktion_side_20260725_184608.csv,2026-07-25 18:46:08,2026-07-25
TI 734,,,14000,8,02.08.2026,0,auction,carie_auktion_side_20260725_184608.csv,2026-07-25 18:46:08,2026-07-25
TI 76628,400,,,,N/A,,fixed_price,carie_auktion_side_20260725_184608.csv,2026-07-25 18:46:08,2026-07-25
TI 91180,,,1450,6,26.07.2026,0,auction,carie_auktion_side_20260725_184608.csv,2026-07-25 18:46:08,2026-07-25
TI 96829,350,,,,N/A,,fixed_price,carie_auktion_side_20260725_184608.csv,2026-07-25 18:46:08,2026-07-25
TI 10136,,,900,1,02.08.2026,0,auction,carie_auktion_side_20260726_185207.csv,2026-07-26 18:52:07,2026-07-26
TI 111932,200,,,,N/A,,fixed_price,carie_auktion_side_20260726_185207.csv,2026-07-26 18:52:07,2026-07-26
TI 43698,400,,,,N/A,,fixed_price,carie_auktion_side_20260726_185207.csv,2026-07-26 18:52:07,2026-07-26
TI 47896,400,,,,N/A,,fixed_price,carie_auktion_side_20260726_185207.csv,2026-07-26 18:52:07,2026-07-26
TI 59867,350,,,,N/A,,fixed_price,carie_auktion_side_20260726_185207.csv,2026-07-26 18:52:07,2026-07-26
TI 63846,400,,,,N/A,,fixed_price,carie_auktion_side_20260726_185207.csv,2026-07-26 18:52:07,2026-07-26
TI 72189,300,,,,N/A,,fixed_price,carie_auktion_side_20260726_185207.csv,2026-07-26 18:52:07,2026-07-26
TI 734,,,14000,8,02.08.2026,0,auction,carie_auktion_side_20260726_185207.csv,2026-07-26 18:52:07,2026-07-26
TI 76628,400,,,,N/A,,fixed_price,carie_auktion_side_20260726_185207.csv,2026-07-26 18:52:07,2026-07-26
TI 96829,350,,,,N/A,,fixed_price,carie_auktion_side_20260726_185207.csv,2026-07-26 18:52:07,2026-07-26
TI 10136,,,900,1,02.08.2026,0,auction,carie_auktion_side_20260727_190749.csv,2026-07-27 19:07:49,2026-07-27
TI 111932,200,,,,N/A,,fixed_price,carie_auktion_side_20260727_190749.csv,2026-07-27 19:07:49,2026-07-27
TI 206602,,,650,1,05.08.2026,0,auction,carie_auktion_side_20260727_190749.csv,2026-07-27 19:07:49,2026-07-27
TI 43698,400,,,,N/A,,fixed_price,carie_auktion_side_20260727_190749.csv,2026-07-27 19:07:49,2026-07-27
TI 47896,400,,,,N/A,,fixed_price,carie_auktion_side_20260727_190749.csv,2026-07-27 19:07:49,2026-07-27
TI 59867,350,,,,N/A,,fixed_price,carie_auktion_side_20260727_190749.csv,2026-07-27 19:07:49,2026-07-27
TI 63846,400,,,,N/A,,fixed_price,carie_auktion_side_20260727_190749.csv,2026-07-27 19:07:49,2026-07-27
TI 72189,300,,,,N/A,,fixed_price,carie_auktion_side_20260727_190749.csv,2026-07-27 19:07:49,2026-07-27
TI 734,,,14000,8,02.08.2026,0,auction,carie_auktion_side_20260727_190749.csv,2026-07-27 19:07:49,2026-07-27
TI 76628,400,,,,N/A,,fixed_price,carie_auktion_side_20260727_190749.csv,2026-07-27 19:07:49,2026-07-27
TI 78789,,,800,0,05.08.2026,0,auction,carie_auktion_side_20260727_190749.csv,2026-07-27 19:07:49,2026-07-27
TI 96829,350,,,,N/A,,fixed_price,carie_auktion_side_20260727_190749.csv,2026-07-27 19:07:49,2026-07-27
TI 10136,,,950,2,02.08.2026,0,auction,carie_auktion_side_20260728_190224.csv,2026-07-28 19:02:24,2026-07-28
TI 111932,200,,,,N/A,,fixed_price,carie_auktion_side_20260728_190224.csv,2026-07-28 19:02:24,2026-07-28
TI 206602,,,650,1,05.08.2026,0,auction,carie_auktion_side_20260728_190224.csv,2026-07-28 19:02:24,2026-07-28
TI 43698,400,,,,N/A,,fixed_price,carie_auktion_side_20260728_190224.csv,2026-07-28 19:02:24,2026-07-28
TI 47896,400,,,,N/A,,fixed_price,carie_auktion_side_20260728_190224.csv,2026-07-28 19:02:24,2026-07-28
TI 59867,350,,,,N/A,,fixed_price,carie_auktion_side_20260728_190224.csv,2026-07-28 19:02:24,2026-07-28
TI 63846,400,,,,N/A,,fixed_price,carie_auktion_side_20260728_190224.csv,2026-07-28 19:02:24,2026-07-28
TI 72189,300,,,,N/A,,fixed_price,carie_auktion_side_20260728_190224.csv,2026-07-28 19:02:24,2026-07-28
TI 734,,,14000,8,02.08.2026,0,auction,carie_auktion_side_20260728_190224.csv,2026-07-28 19:02:24,2026-07-28
TI 76628,400,,,,N/A,,fixed_price,carie_auktion_side_20260728_190224.csv,2026-07-28 19:02:24,2026-07-28
TI 78789,,,850,1,05.08.2026,0,auction,carie_auktion_side_20260728_190224.csv,2026-07-28 19:02:24,2026-07-28
TI 96829,350,,,,N/A,,fixed_price,carie_auktion_side_20260728_190224.csv,2026-07-28 19:02:24,2026-07-28
TI 10136,,,1000,3,02.08.2026,0,auction,carie_auktion_side_20260729_185117.csv,2026-07-29 18:51:17,2026-07-29
TI 111932,200,,,,N/A,,fixed_price,carie_auktion_side_20260729_185117.csv,2026-07-29 18:51:17,2026-07-29
TI 206602,,,650,1,05.08.2026,0,auction,carie_auktion_side_20260729_185117.csv,2026-07-29 18:51:17,2026-07-29
TI 43698,400,,,,N/A,,fixed_price,carie_auktion_side_20260729_185117.csv,2026-07-29 18:51:17,2026-07-29
TI 47896,400,,,,N/A,,fixed_price,carie_auktion_side_20260729_185117.csv,2026-07-29 18:51:17,2026-07-29
TI 59867,350,,,,N/A,,fixed_price,carie_auktion_side_20260729_185117.csv,2026-07-29 18:51:17,2026-07-29
TI 63846,400,,,,N/A,,fixed_price,carie_auktion_side_20260729_185117.csv,2026-07-29 18:51:17,2026-07-29
TI 72189,300,,,,N/A,,fixed_price,carie_auktion_side_20260729_185117.csv,2026-07-29 18:51:17,2026-07-29
TI 734,,,14000,8,02.08.2026,0,auction,carie_auktion_side_20260729_185117.csv,2026-07-29 18:51:17,2026-07-29
TI 76628,400,,,,N/A,,fixed_price,carie_auktion_side_20260729_185117.csv,2026-07-29 18:51:17,2026-07-29
TI 78789,,,850,1,05.08.2026,0,auction,carie_auktion_side_20260729_185117.csv,2026-07-29 18:51:17,2026-07-29
TI 96829,350,,,,N/A,,fixed_price,carie_auktion_side_20260729_185117.csv,2026-07-29 18:51:17,2026-07-29
TI 10136,,,1000,3,02.08.2026,0,auction,carie_auktion_side_20260730_190533.csv,2026-07-30 19:05:33,2026-07-30
TI 111932,200,,,,N/A,,fixed_price,carie_auktion_side_20260730_190533.csv,2026-07-30 19:05:33,2026-07-30
TI 206602,,,650,1,05.08.2026,0,auction,carie_auktion_side_20260730_190533.csv,2026-07-30 19:05:33,2026-07-30
TI 43698,400,,,,N/A,,fixed_price,carie_auktion_side_20260730_190533.csv,2026-07-30 19:05:33,2026-07-30
TI 47896,400,,,,N/A,,fixed_price,carie_auktion_side_20260730_190533.csv,2026-07-30 19:05:33,2026-07-30
TI 59867,350,,,,N/A,,fixed_price,carie_auktion_side_20260730_190533.csv,2026-07-30 19:05:33,2026-07-30
TI 63846,400,,,,N/A,,fixed_price,carie_auktion_side_20260730_190533.csv,2026-07-30 19:05:33,2026-07-30
TI 72189,300,,,,N/A,,fixed_price,carie_auktion_side_20260730_190533.csv,2026-07-30 19:05:33,2026-07-30
TI 734,,,14000,8,02.08.2026,0,auction,carie_auktion_side_20260730_190533.csv,2026-07-30 19:05:33,2026-07-30
TI 76628,400,,,,N/A,,fixed_price,carie_auktion_side_20260730_190533.csv,2026-07-30 19:05:33,2026-07-30
TI 78789,,,850,1,05.08.2026,0,auction,carie_auktion_side_20260730_190533.csv,2026-07-30 19:05:33,2026-07-30
TI 96829,350,,,,N/A,,fixed_price,carie_auktion_side_20260730_190533.csv,2026-07-30 19:05:33,2026-07-30
TI 10136,,,1000,3,02.08.2026,0,auction,carie_auktion_side_20260731_190347.csv,2026-07-31 19:03:47,2026-07-31
TI 111932,200,,,,N/A,,fixed_price,carie_auktion_side_20260731_190347.csv,2026-07-31 19:03:47,2026-07-31
TI 206602,,,650,1,05.08.2026,0,auction,carie_auktion_side_20260731_190347.csv,2026-07-31 19:03:47,2026-07-31
TI 43698,400,,,,N/A,,fixed_price,carie_auktion_side_20260731_190347.csv,2026-07-31 19:03:47,2026-07-31
TI 47896,400,,,,N/A,,fixed_price,carie_auktion_side_20260731_190347.csv,2026-07-31 19:03:47,2026-07-31
TI 59867,350,,,,N/A,,fixed_price,carie_auktion_side_20260731_190347.csv,2026-07-31 19:03:47,2026-07-31
TI 63846,400,,,,N/A,,fixed_price,carie_auktion_side_20260731_190347.csv,2026-07-31 19:03:47,2026-07-31
TI 72189,300,,,,N/A,,fixed_price,carie_auktion_side_20260731_190347.csv,2026-07-31 19:03:47,2026-07-31
TI 734,,,14000,8,02.08.2026,0,auction,carie_auktion_side_20260731_190347.csv,2026-07-31 19:03:47,2026-07-31
TI 76628,400,,,,N/A,,fixed_price,carie_auktion_side_20260731_190347.csv,2026-07-31 19:03:47,2026-07-31
TI 78789,,,850,1,05.08.2026,0,auction,carie_auktion_side_20260731_190347.csv,2026-07-31 19:03:47,2026-07-31
TI 96829,350,,,,N/A,,fixed_price,carie_auktion_side_20260731_190347.csv,2026-07-31 19:03:47,2026-07-31
TI 10136,,,1000,3,02.08.2026,0,auction,carie_auktion_side_20260801_184941.csv,2026-08-01 18:49:41,2026-08-01
TI 111932,200,,,,N/A,,fixed_price,carie_auktion_side_20260801_184941.csv,2026-08-01 18:49:41,2026-08-01
TI 206602,,,650,1,05.08.2026,0,auction,carie_auktion_side_20260801_184941.csv,2026-08-01 18:49:41,2026-08-01
TI 43698,400,,,,N/A,,fixed_price,carie_auktion_side_20260801_184941.csv,2026-08-01 18:49:41,2026-08-01
TI 47896,400,,,,N/A,,fixed_price,carie_auktion_side_20260801_184941.csv,2026-08-01 18:49:41,2026-08-01
TI 59867,350,,,,N/A,,fixed_price,carie_auktion_side_20260801_184941.csv,2026-08-01 18:49:41,2026-08-01
TI 63846,400,,,,N/A,,fixed_price,carie_auktion_side_20260801_184941.csv,2026-08-01 18:49:41,2026-08-01
TI 72189,300,,,,N/A,,fixed_price,carie_auktion_side_20260801_184941.csv,2026-08-01 18:49:41,2026-08-01
TI 734,,,14000,8,02.08.2026,0,auction,carie_auktion_side_20260801_184941.csv,2026-08-01 18:49:41,2026-08-01
TI 76628,400,,,,N/A,,fixed_price,carie_auktion_side_20260801_184941.csv,2026-08-01 18:49:41,2026-08-01
TI 78789,,,850,1,05.08.2026,0,auction,carie_auktion_side_20260801_184941.csv,2026-08-01 18:49:41,2026-08-01
TI 96829,350,,,,N/A,,fixed_price,carie_auktion_side_20260801_184941.csv,2026-08-01 18:49:41,2026-08-01
TI 111932,200,,,,N/A,,fixed_price,carie_auktion_side_20260802_185037.csv,2026-08-02 18:50:37,2026-08-02
TI 206602,,,650,1,05.08.2026,0,auction,carie_auktion_side_20260802_185037.csv,2026-08-02 18:50:37,2026-08-02
TI 43698,400,,,,N/A,,fixed_price,carie_auktion_side_20260802_185037.csv,2026-08-02 18:50:37,2026-08-02
TI 47896,400,,,,N/A,,fixed_price,carie_auktion_side_20260802_185037.csv,2026-08-02 18:50:37,2026-08-02
TI 59867,350,,,,N/A,,fixed_price,carie_auktion_side_20260802_185037.csv,2026-08-02 18:50:37,2026-08-02
TI 63846,400,,,,N/A,,fixed_price,carie_auktion_side_20260802_185037.csv,2026-08-02 18:50:37,2026-08-02
TI 72189,300,,,,N/A,,fixed_price,carie_auktion_side_20260802_185037.csv,2026-08-02 18:50:37,2026-08-02
TI 76628,400,,,,N/A,,fixed_price,carie_auktion_side_20260802_185037.csv,2026-08-02 18:50:37,2026-08-02
TI 78789,,,850,1,05.08.2026,0,auction,carie_auktion_side_20260802_185037.csv,2026-08-02 18:50:37,2026-08-02
TI 96829,350,,,,N/A,,fixed_price,carie_auktion_side_20260802_185037.csv,2026-08-02 18:50:37,2026-08-02
TI 111932,200,,,,N/A,,fixed_price,carie_auktion_side_20260803_191451.csv,2026-08-03 19:14:51,2026-08-03
TI 14270,,,800,0,12.08.2026,0,auction,carie_auktion_side_20260803_191451.csv,2026-08-03 19:14:51,2026-08-03
TI 206602,,,650,1,05.08.2026,0,auction,carie_auktion_side_20260803_191451.csv,2026-08-03 19:14:51,2026-08-03
TI 375,,,8400,6,12.08.2026,0,auction,carie_auktion_side_20260803_191451.csv,2026-08-03 19:14:51,2026-08-03
TI 43698,400,,,,N/A,,fixed_price,carie_auktion_side_20260803_191451.csv,2026-08-03 19:14:51,2026-08-03
TI 47896,400,,,,N/A,,fixed_price,carie_auktion_side_20260803_191451.csv,2026-08-03 19:14:51,2026-08-03
TI 59867,350,,,,N/A,,fixed_price,carie_auktion_side_20260803_191451.csv,2026-08-03 19:14:51,2026-08-03
TI 63846,400,,,,N/A,,fixed_price,carie_auktion_side_20260803_191451.csv,2026-08-03 19:14:51,2026-08-03
TI 72189,300,,,,N/A,,fixed_price,carie_auktion_side_20260803_191451.csv,2026-08-03 19:14:51,2026-08-03
TI 76628,400,,,,N/A,,fixed_price,carie_auktion_side_20260803_191451.csv,2026-08-03 19:14:51,2026-08-03
TI 78789,,,850,1,05.08.2026,0,auction,carie_auktion_side_20260803_191451.csv,2026-08-03 19:14:51,2026-08-03
TI 96829,350,,,,N/A,,fixed_price,carie_auktion_side_20260803_191451.csv,2026-08-03 19:14:51,2026-08-03
TI 111932,200,,,,N/A,,fixed_price,carie_auktion_side_20260804_191548.csv,2026-08-04 19:15:48,2026-08-04
TI 14270,,,800,0,12.08.2026,0,auction,carie_auktion_side_20260804_191548.csv,2026-08-04 19:15:48,2026-08-04
TI 206602,,,650,1,05.08.2026,0,auction,carie_auktion_side_20260804_191548.csv,2026-08-04 19:15:48,2026-08-04
TI 375,,,8500,7,12.08.2026,0,auction,carie_auktion_side_20260804_191548.csv,2026-08-04 19:15:48,2026-08-04
TI 43698,400,,,,N/A,,fixed_price,carie_auktion_side_20260804_191548.csv,2026-08-04 19:15:48,2026-08-04
TI 47896,400,,,,N/A,,fixed_price,carie_auktion_side_20260804_191548.csv,2026-08-04 19:15:48,2026-08-04
TI 59867,350,,,,N/A,,fixed_price,carie_auktion_side_20260804_191548.csv,2026-08-04 19:15:48,2026-08-04
TI 63846,400,,,,N/A,,fixed_price,carie_auktion_side_20260804_191548.csv,2026-08-04 19:15:48,2026-08-04
TI 72189,300,,,,N/A,,fixed_price,carie_auktion_side_20260804_191548.csv,2026-08-04 19:15:48,2026-08-04
TI 76628,400,,,,N/A,,fixed_price,carie_auktion_side_20260804_191548.csv,2026-08-04 19:15:48,2026-08-04
TI 78789,,,900,2,05.08.2026,0,auction,carie_auktion_side_20260804_191548.csv,2026-08-04 19:15:48,2026-08-04
TI 96829,350,,,,N/A,,fixed_price,carie_auktion_side_20260804_191548.csv,2026-08-04 19:15:48,2026-08-04
TI 111932,200,,,,N/A,,fixed_price,carie_auktion_side_20260805_190956.csv,2026-08-05 19:09:56,2026-08-05
TI 14270,,,800,0,12.08.2026,0,auction,carie_auktion_side_20260805_190956.csv,2026-08-05 19:09:56,2026-08-05
TI 375,,,8500,7,12.08.2026,0,auction,carie_auktion_side_20260805_190956.csv,2026-08-05 19:09:56,2026-08-05
TI 43698,400,,,,N/A,,fixed_price,carie_auktion_side_20260805_190956.csv,2026-08-05 19:09:56,2026-08-05
TI 47896,400,,,,N/A,,fixed_price,carie_auktion_side_20260805_190956.csv,2026-08-05 19:09:56,2026-08-05
TI 59867,350,,,,N/A,,fixed_price,carie_auktion_side_20260805_190956.csv,2026-08-05 19:09:56,2026-08-05
TI 63846,400,,,,N/A,,fixed_price,carie_auktion_side_20260805_190956.csv,2026-08-05 19:09:56,2026-08-05
TI 72189,300,,,,N/A,,fixed_price,carie_auktion_side_20260805_190956.csv,2026-08-05 19:09:56,2026-08-05
TI 76628,400,,,,N/A,,fixed_price,carie_auktion_side_20260805_190956.csv,2026-08-05 19:09:56,2026-08-05
TI 96829,350,,,,N/A,,fixed_price,carie_auktion_side_20260805_190956.csv,2026-08-05 19:09:56,2026-08-05
TI 111932,200,,,,N/A,,fixed_price,carie_auktion_side_20260806_234658.csv,2026-08-06 23:46:58,2026-08-06
TI 14270,,,800,0,12.08.2026,0,auction,carie_auktion_side_20260806_234658.csv,2026-08-06 23:46:58,2026-08-06
TI 375,,,9000,8,12.08.2026,0,auction,carie_auktion_side_20260806_234658.csv,2026-08-06 23:46:58,2026-08-06
TI 43698,400,,,,N/A,,fixed_price,carie_auktion_side_20260806_234658.csv,2026-08-06 23:46:58,2026-08-06
TI 47896,400,,,,N/A,,fixed_price,carie_auktion_side_20260806_234658.csv,2026-08-06 23:46:58,2026-08-06
TI 59867,350,,,,N/A,,fixed_price,carie_auktion_side_20260806_234658.csv,2026-08-06 23:46:58,2026-08-06
TI 63846,400,,,,N/A,,fixed_price,carie_auktion_side_20260806_234658.csv,2026-08-06 23:46:58,2026-08-06
TI 72189,300,,,,N/A,,fixed_price,carie_auktion_side_20260806_234658.csv,2026-08-06 23:46:58,2026-08-06
TI 76628,400,,,,N/A,,fixed_price,carie_auktion_side_20260806_234658.csv,2026-08-06 23:46:58,2026-08-06
TI 96829,350,,,,N/A,,fixed_price,carie_auktion_side_20260806_234658.csv,2026-08-06 23:46:58,2026-08-06
TI 111932,200,,,,N/A,,fixed_price,carie_auktion_side_20260807_183651.csv,2026-08-07 18:36:51,2026-08-07
TI 14270,,,850,1,12.08.2026,0,auction,carie_auktion_side_20260807_183651.csv,2026-08-07 18:36:51,2026-08-07
TI 375,,,9000,8,12.08.2026,0,auction,carie_auktion_side_20260807_183651.csv,2026-08-07 18:36:51,2026-08-07
TI 43698,400,,,,N/A,,fixed_price,carie_auktion_side_20260807_183651.csv,2026-08-07 18:36:51,2026-08-07
TI 47896,400,,,,N/A,,fixed_price,carie_auktion_side_20260807_183651.csv,2026-08-07 18:36:51,2026-08-07
TI 59867,350,,,,N/A,,fixed_price,carie_auktion_side_20260807_183651.csv,2026-08-07 18:36:51,2026-08-07
TI 63846,400,,,,N/A,,fixed_price,carie_auktion_side_20260807_183651.csv,2026-08-07 18:36:51,2026-08-07
TI 72189,300,,,,N/A,,fixed_price,carie_auktion_side_20260807_183651.csv,2026-08-07 18:36:51,2026-08-07
TI 76628,400,,,,N/A,,fixed_price,carie_auktion_side_20260807_183651.csv,2026-08-07 18:36:51,2026-08-07
TI 96829,350,,,,N/A,,fixed_price,carie_auktion_side_20260807_183651.csv,2026-08-07 18:36:51,2026-08-07
TI 111932,200,,,,N/A,,fixed_price,carie_auktion_side_20260808_181924.csv,2026-08-08 18:19:24,2026-08-08
TI 14270,,,850,1,12.08.2026,0,auction,carie_auktion_side_20260808_181924.csv,2026-08-08 18:19:24,2026-08-08
TI 375,,,9000,8,12.08.2026,0,auction,carie_auktion_side_20260808_181924.csv,2026-08-08 18:19:24,2026-08-08
TI 43698,400,,,,N/A,,fixed_price,carie_auktion_side_20260808_181924.csv,2026-08-08 18:19:24,2026-08-08
TI 47896,400,,,,N/A,,fixed_price,carie_auktion_side_20260808_181924.csv,2026-08-08 18:19:24,2026-08-08
TI 59867,350,,,,N/A,,fixed_price,carie_auktion_side_20260808_181924.csv,2026-08-08 18:19:24,2026-08-08
TI 63846,400,,,,N/A,,fixed_price,carie_auktion_side_20260808_181924.csv,2026-08-08 18:19:24,2026-08-08
TI 72189,300,,,,N/A,,fixed_price,carie_auktion_side_20260808_181924.csv,2026-08-08 18:19:24,2026-08-08
TI 76628,400,,,,N/A,,fixed_price,carie_auktion_side_20260808_181924.csv,2026-08-08 18:19:24,2026-08-08
TI 96829,350,,,,N/A,,fixed_price,carie_auktion_side_20260808_181924.csv,2026-08-08 18:19:24,2026-08-08
TI 111932,200,,,,N/A,,fixed_price,carie_auktion_side_20260809_182112.csv,2026-08-09 18:21:12,2026-08-09
TI 14270,,,850,1,12.08.2026,0,auction,carie_auktion_side_20260809_182112.csv,2026-08-09 18:21:12,2026-08-09
TI 375,,,9000,8,12.08.2026,0,auction,carie_auktion_side_20260809_182112.csv,2026-08-09 18:21:12,2026-08-09
TI 43698,400,,,,N/A,,fixed_price,carie_auktion_side_20260809_182112.csv,2026-08-09 18:21:12,2026-08-09
TI 47896,400,,,,N/A,,fixed_price,carie_auktion_side_20260809_182112.csv,2026-08-09 18:21:12,2026-08-09
TI 59867,350,,,,N/A,,fixed_price,carie_auktion_side_20260809_182112.csv,2026-08-09 18:21:12,2026-08-09
TI 63846,400,,,,N/A,,fixed_price,carie_auktion_side_20260809_182112.csv,2026-08-09 18:21:12,2026-08-09
TI 72189,300,,,,N/A,,fixed_price,carie_auktion_side_20260809_182112.csv,2026-08-09 18:21:12,2026-08-09
TI 76628,400,,,,N/A,,fixed_price,carie_auktion_side_20260809_182112.csv,2026-08-09 18:21:12,2026-08-09
TI 96829,350,,,,N/A,,fixed_price,carie_auktion_side_20260809_182112.csv,2026-08-09 18:21:12,2026-08-09
TI 111932,200,,,,N/A,,fixed_price,carie_auktion_side_20260810_183925.csv,2026-08-10 18:39:25,2026-08-10
TI 14270,,,850,1,12.08.2026,0,auction,carie_auktion_side_20260810_183925.csv,2026-08-10 18:39:25,2026-08-10
TI 375,,,10000,10,12.08.2026,0,auction,carie_auktion_side_20260810_183925.csv,2026-08-10 18:39:25,2026-08-10
TI 43698,400,,,,N/A,,fixed_price,carie_auktion_side_20260810_183925.csv,2026-08-10 18:39:25,2026-08-10
TI 47896,400,,,,N/A,,fixed_price,carie_auktion_side_20260810_183925.csv,2026-08-10 18:39:25,2026-08-10
TI 59867,350,,,,N/A,,fixed_price,carie_auktion_side_20260810_183925.csv,2026-08-10 18:39:25,2026-08-10
TI 63846,400,,,,N/A,,fixed_price,carie_auktion_side_20260810_183925.csv,2026-08-10 18:39:25,2026-08-10
TI 72189,300,,,,N/A,,fixed_price,carie_auktion_side_20260810_183925.csv,2026-08-10 18:39:25,2026-08-10
TI 76628,400,,,,N/A,,fixed_price,carie_auktion_side_20260810_183925.csv,2026-08-10 18:39:25,2026-08-10
TI 96829,350,,,,N/A,,fixed_price,carie_auktion_side_20260810_183925.csv,2026-08-10 18:39:25,2026-08-10
TI 111932,200,,,,N/A,,fixed_price,carie_auktion_side_20260811_184258.csv,2026-08-11 18:42:58,2026-08-11
TI 14270,,,850,1,12.08.2026,0,auction,carie_auktion_side_20260811_184258.csv,2026-08-11 18:42:58,2026-08-11
TI 375,,,15000,13,12.08.2026,0,auction,carie_auktion_side_20260811_184258.csv,2026-08-11 18:42:58,2026-08-11
TI 43698,400,,,,N/A,,fixed_price,carie_auktion_side_20260811_184258.csv,2026-08-11 18:42:58,2026-08-11
TI 47896,400,,,,N/A,,fixed_price,carie_auktion_side_20260811_184258.csv,2026-08-11 18:42:58,2026-08-11
TI 59867,350,,,,N/A,,fixed_price,carie_auktion_side_20260811_184258.csv,2026-08-11 18:42:58,2026-08-11
TI 63846,400,,,,N/A,,fixed_price,carie_auktion_side_20260811_184258.csv,2026-08-11 18:42:58,2026-08-11
TI 72189,300,,,,N/A,,fixed_price,carie_auktion_side_20260811_184258.csv,2026-08-11 18:42:58,2026-08-11
TI 76628,400,,,,N/A,,fixed_price,carie_auktion_side_20260811_184258.csv,2026-08-11 18:42:58,2026-08-11
TI 96829,350,,,,N/A,,fixed_price,carie_auktion_side_20260811_184258.csv,2026-08-11 18:42:58,2026-08-11
TI 111932,200,,,,N/A,,fixed_price,carie_auktion_side_20260812_184406.csv,2026-08-12 18:44:06,2026-08-12
TI 43698,400,,,,N/A,,fixed_price,carie_auktion_side_20260812_184406.csv,2026-08-12 18:44:06,2026-08-12
TI 47896,400,,,,N/A,,fixed_price,carie_auktion_side_20260812_184406.csv,2026-08-12 18:44:06,2026-08-12
TI 59867,350,,,,N/A,,fixed_price,carie_auktion_side_20260812_184406.csv,2026-08-12 18:44:06,2026-08-12
TI 63846,400,,,,N/A,,fixed_price,carie_auktion_side_20260812_184406.csv,2026-08-12 18:44:06,2026-08-12
TI 72189,300,,,,N/A,,fixed_price,carie_auktion_side_20260812_184406.csv,2026-08-12 18:44:06,2026-08-12
TI 76628,400,,,,N/A,,fixed_price,carie_auktion_side_20260812_184406.csv,2026-08-12 18:44:06,2026-08-12
TI 96829,350,,,,N/A,,fixed_price,carie_auktion_side_20260812_184406.csv,2026-08-12 18:44:06,2026-08-12
TI 111932,200,,,,N/A,,fixed_price,carie_auktion_side_20260813_184439.csv,2026-08-13 18:44:39,2026-08-13
TI 299995,,,600,1,23.08.2026,0,auction,carie_auktion_side_20260813_184439.csv,2026-08-13 18:44:39,2026-08-13
TI 43698,400,,,,N/A,,fixed_price,carie_auktion_side_20260813_184439.csv,2026-08-13 18:44:39,2026-08-13
TI 47896,400,,,,N/A,,fixed_price,carie_auktion_side_20260813_184439.csv,2026-08-13 18:44:39,2026-08-13
TI 57666,,,600,0,23.08.2026,0,auction,carie_auktion_side_20260813_184439.csv,2026-08-13 18:44:39,2026-08-13
TI 59867,350,,,,N/A,,fixed_price,carie_auktion_side_20260813_184439.csv,2026-08-13 18:44:39,2026-08-13
TI 63846,400,,,,N/A,,fixed_price,carie_auktion_side_20260813_184439.csv,2026-08-13 18:44:39,2026-08-13
TI 72189,300,,,,N/A,,fixed_price,carie_auktion_side_20260813_184439.csv,2026-08-13 18:44:39,2026-08-13
TI 76628,400,,,,N/A,,fixed_price,carie_auktion_side_20260813_184439.csv,2026-08-13 18:44:39,2026-08-13
TI 96829,350,,,,N/A,,fixed_price,carie_auktion_side_20260813_184439.csv,2026-08-13 18:44:39,2026-08-13
TI 111932,200,,,,N/A,,fixed_price,carie_auktion_side_20260814_183748.csv,2026-08-14 18:37:48,2026-08-14
TI 299995,,,600,1,23.08.2026,0,auction,carie_auktion_side_20260814_183748.csv,2026-08-14 18:37:48,2026-08-14
TI 43698,400,,,,N/A,,fixed_price,carie_auktion_side_20260814_183748.csv,2026-08-14 18:37:48,2026-08-14
TI 47896,400,,,,N/A,,fixed_price,carie_auktion_side_20260814_183748.csv,2026-08-14 18:37:48,2026-08-14
TI 57666,,,600,0,23.08.2026,0,auction,carie_auktion_side_20260814_183748.csv,2026-08-14 18:37:48,2026-08-14
TI 59867,350,,,,N/A,,fixed_price,carie_auktion_side_20260814_183748.csv,2026-08-14 18:37:48,2026-08-14
TI 63846,400,,,,N/A,,fixed_price,carie_auktion_side_20260814_183748.csv,2026-08-14 18:37:48,2026-08-14
TI 72189,300,,,,N/A,,fixed_price,carie_auktion_side_20260814_183748.csv,2026-08-14 18:37:48,2026-08-14
TI 76628,400,,,,N/A,,fixed_price,carie_auktion_side_20260814_183748.csv,2026-08-14 18:37:48,2026-08-14
TI 96829,350,,,,N/A,,fixed_price,carie_auktion_side_20260814_183748.csv,2026-08-14 18:37:48,2026-08-14
TI 111932,200,,,,N/A,,fixed_price,carie_auktion_side_20260815_181052.csv,2026-08-15 18:10:52,2026-08-15
TI 299995,,,600,1,23.08.2026,0,auction,carie_auktion_side_20260815_181052.csv,2026-08-15 18:10:52,2026-08-15
TI 43698,400,,,,N/A,,fixed_price,carie_auktion_side_20260815_181052.csv,2026-08-15 18:10:52,2026-08-15
TI 47896,400,,,,N/A,,fixed_price,carie_auktion_side_20260815_181052.csv,2026-08-15 18:10:52,2026-08-15
TI 57666,,,600,1,23.08.2026,0,auction,carie_auktion_side_20260815_181052.csv,2026-08-15 18:10:52,2026-08-15
TI 59867,350,,,,N/A,,fixed_price,carie_auktion_side_20260815_181052.csv,2026-08-15 18:10:52,2026-08-15
TI 63846,400,,,,N/A,,fixed_price,carie_auktion_side_20260815_181052.csv,2026-08-15 18:10:52,2026-08-15
TI 72189,300,,,,N/A,,fixed_price,carie_auktion_side_20260815_181052.csv,2026-08-15 18:10:52,2026-08-15
TI 76628,400,,,,N/A,,fixed_price,carie_auktion_side_20260815_181052.csv,2026-08-15 18:10:52,2026-08-15
TI 96829,350,,,,N/A,,fixed_price,carie_auktion_side_20260815_181052.csv,2026-08-15 18:10:52,2026-08-15
TI 111932,200,,,,N/A,,fixed_price,carie_auktion_side_20260816_181114.csv,2026-08-16 18:11:14,2026-08-16
TI 299995,,,600,1,23.08.2026,0,auction,carie_auktion_side_20260816_181114.csv,2026-08-16 18:11:14,2026-08-16
TI 43698,400,,,,N/A,,fixed_price,carie_auktion_side_20260816_181114.csv,2026-08-16 18:11:14,2026-08-16
TI 47896,400,,,,N/A,,fixed_price,carie_auktion_side_20260816_181114.csv,2026-08-16 18:11:14,2026-08-16
TI 57666,,,600,1,23.08.2026,0,auction,carie_auktion_side_20260816_181114.csv,2026-08-16 18:11:14,2026-08-16
TI 59867,350,,,,N/A,,fixed_price,carie_auktion_side_20260816_181114.csv,2026-08-16 18:11:14,2026-08-16
TI 63846,400,,,,N/A,,fixed_price,carie_auktion_side_20260816_181114.csv,2026-08-16 18:11:14,2026-08-16
TI 72189,300,,,,N/A,,fixed_price,carie_auktion_side_20260816_181114.csv,2026-08-16 18:11:14,2026-08-16
TI 76628,400,,,,N/A,,fixed_price,carie_auktion_side_20260816_181114.csv,2026-08-16 18:11:14,2026-08-16
TI 96829,350,,,,N/A,,fixed_price,carie_auktion_side_20260816_181114.csv,2026-08-16 18:11:14,2026-08-16
TI 111932,200,,,,N/A,,fixed_price,carie_auktion_side_20260817_181951.csv,2026-08-17 18:19:51,2026-08-17
TI 299995,,,600,1,23.08.2026,0,auction,carie_auktion_side_20260817_181951.csv,2026-08-17 18:19:51,2026-08-17
TI 43698,400,,,,N/A,,fixed_price,carie_auktion_side_20260817_181951.csv,2026-08-17 18:19:51,2026-08-17
TI 47896,400,,,,N/A,,fixed_price,carie_auktion_side_20260817_181951.csv,2026-08-17 18:19:51,2026-08-17
TI 57666,,,600,1,23.08.2026,0,auction,carie_auktion_side_20260817_181951.csv,2026-08-17 18:19:51,2026-08-17
TI 59867,350,,,,N/A,,fixed_price,carie_auktion_side_20260817_181951.csv,2026-08-17 18:19:51,2026-08-17
TI 63846,400,,,,N/A,,fixed_price,carie_auktion_side_20260817_181951.csv,2026-08-17 18:19:51,2026-08-17
TI 72189,300,,,,N/A,,fixed_price,carie_auktion_side_20260817_181951.csv,2026-08-17 18:19:51,2026-08-17
TI 76628,400,,,,N/A,,fixed_price,carie_auktion_side_20260817_181951.csv,2026-08-17 18:19:51,2026-08-17
TI 96829,350,,,,N/A,,fixed_price,carie_auktion_side_20260817_181951.csv,2026-08-17 18:19:51,2026-08-17
TI 111932,200,,,,N/A,,fixed_price,carie_auktion_side_20260818_181852.csv,2026-08-18 18:18:52,2026-08-18
TI 299995,,,600,1,23.08.2026,0,auction,carie_auktion_side_20260818_181852.csv,2026-08-18 18:18:52,2026-08-18
TI 43698,400,,,,N/A,,fixed_price,carie_auktion_side_20260818_181852.csv,2026-08-18 18:18:52,2026-08-18
TI 47896,400,,,,N/A,,fixed_price,carie_auktion_side_20260818_181852.csv,2026-08-18 18:18:52,2026-08-18
TI 57666,,,600,1,23.08.2026,0,auction,carie_auktion_side_20260818_181852.csv,2026-08-18 18:18:52,2026-08-18
TI 59867,350,,,,N/A,,fixed_price,carie_auktion_side_20260818_181852.csv,2026-08-18 18:18:52,2026-08-18
TI 63846,400,,,,N/A,,fixed_price,carie_auktion_side_20260818_181852.csv,2026-08-18 18:18:52,2026-08-18
TI 72189,300,,,,N/A,,fixed_price,carie_auktion_side_20260818_181852.csv,2026-08-18 18:18:52,2026-08-18
TI 76628,400,,,,N/A,,fixed_price,carie_auktion_side_20260818_181852.csv,2026-08-18 18:18:52,2026-08-18
TI 96829,350,,,,N/A,,fixed_price,carie_auktion_side_20260818_181852.csv,2026-08-18 18:18:52,2026-08-18
TI 111932,200,,,,N/A,,fixed_price,carie_auktion_side_20260819_181601.csv,2026-08-19 18:16:01,2026-08-19
TI 299995,,,600,1,23.08.2026,0,auction,carie_auktion_side_20260819_181601.csv,2026-08-19 18:16:01,2026-08-19
TI 43698,400,,,,N/A,,fixed_price,carie_auktion_side_20260819_181601.csv,2026-08-19 18:16:01,2026-08-19
TI 47896,400,,,,N/A,,fixed_price,carie_auktion_side_20260819_181601.csv,2026-08-19 18:16:01,2026-08-19
TI 57666,,,600,1,23.08.2026,0,auction,carie_auktion_side_20260819_181601.csv,2026-08-19 18:16:01,2026-08-19
TI 59867,350,,,,N/A,,fixed_price,carie_auktion_side_20260819_181601.csv,2026-08-19 18:16:01,2026-08-19
TI 63846,400,,,,N/A,,fixed_price,carie_auktion_side_20260819_181601.csv,2026-08-19 18:16:01,2026-08-19
TI 72189,300,,,,N/A,,fixed_price,carie_auktion_side_20260819_181601.csv,2026-08-19 18:16:01,2026-08-19
TI 76628,400,,,,N/A,,fixed_price,carie_auktion_side_20260819_181601.csv,2026-08-19 18:16:01,2026-08-19
TI 96829,350,,,,N/A,,fixed_price,carie_auktion_side_20260819_181601.csv,2026-08-19 18:16:01,2026-08-19
